1,Afghanistan Express
2,Afghanistan International
3,Afghanistan Airlines
4,Afghanistan Sky
5,Afghanistan Jet
6,Afghanistan Aeronautics
7,Afghanistan Air
8,Afghanistan Aviation
9,Afghanistan Airways
10,Îles Åland Jet
11,Îles Åland Airways
12,Îles Åland Sky
13,Albanie Aeronautics
14,Albanie International
15,Albanie Sky
16,Albanie Airlines
17,Albanie Express
18,Algérie Airlines
19,Algérie Aviation
20,Algérie Sky
21,Algérie International
22,Algérie Flight
23,Algérie Express
24,Samoa américaines International
25,Samoa américaines Express
26,Samoa américaines Air
27,Samoa américaines Flight
28,Samoa américaines Airways
29,Samoa américaines Airlines
30,Samoa américaines Jet
31,Andorre Aviation
32,Andorre Airways
33,Angola International
34,Angola Jet
35,Angola Aviation
36,Angola Airways
37,Angola Express
38,Angola Flight
39,Angola Air
40,Anguilla Airlines
41,Anguilla International
42,Antarctique Air
43,Antarctique Sky
44,Antarctique Express
45,Antarctique Airlines
46,Antarctique International
47,Antarctique Flight
48,Antarctique Jet
49,Antarctique Aviation
50,Antarctique Aeronautics
51,Antarctique Airways
52,Antigua-et-Barbuda Sky
53,Antigua-et-Barbuda Aeronautics
54,Antigua-et-Barbuda Jet
55,Antigua-et-Barbuda Airlines
56,Argentine Jet
57,Argentine Express
58,Argentine Aviation
59,Argentine Flight
60,Argentine Airlines
61,Argentine Airways
62,Argentine Aeronautics
63,Arménie Sky
64,Arménie Aviation
65,Arménie Airlines
66,Arménie Airways
67,Arménie Express
68,Aruba Airlines
69,Aruba Airways
70,Aruba Air
71,Aruba Aviation
72,Australie Sky
73,Australie Aviation
74,Australie Express
75,Australie Jet
76,Australie Air
77,Australie Aeronautics
78,Australie Airways
79,Australie Airlines
80,Australie International
81,Australie Flight
82,Autriche Air
83,Autriche Sky
84,Autriche Flight
85,Autriche Jet
86,Autriche Airways
87,Autriche Aviation
88,Autriche Express
89,Autriche International
90,Autriche Airlines
91,Azerbaïdjan Airways
92,Azerbaïdjan Air
93,Azerbaïdjan Aviation
94,Azerbaïdjan International
95,Azerbaïdjan Sky
96,Azerbaïdjan Aeronautics
97,Azerbaïdjan Jet
98,Azerbaïdjan Airlines
99,Azerbaïdjan Flight
100,Azerbaïdjan Express
101,Bahamas Express
102,Bahamas Sky
103,Bahamas Aeronautics
104,Bahamas Air
105,Bahamas Flight
106,Bahamas Jet
107,Bahamas Aviation
108,Bahreïn Flight
109,Bahreïn Aeronautics
110,Bahreïn Aviation
111,Bangladesh Jet
112,Bangladesh Airways
113,Barbade International
114,Barbade Jet
115,Barbade Flight
116,Barbade Sky
117,Barbade Air
118,Barbade Aviation
119,Barbade Aeronautics
120,Barbade Airlines
121,Biélorussie Aeronautics
122,Biélorussie Jet
123,Biélorussie Aviation
124,Biélorussie Flight
125,Biélorussie Sky
126,Biélorussie Express
127,Biélorussie Airways
128,Belgique Airlines
129,Belgique Jet
130,Belgique Aeronautics
131,Belgique Sky
132,Belgique Airways
133,Belgique Express
134,Belgique Aviation
135,Belgique Air
136,Belize Airlines
137,Belize Airways
138,Belize Jet
139,Belize Express
140,Belize Flight
141,Belize Aeronautics
142,Belize Aviation
143,Bénin Sky
144,Bénin International
145,Bénin Air
146,Bénin Flight
147,Bénin Express
148,Bermudes Air
149,Bermudes Flight
150,Bermudes Airways
151,Bermudes Airlines
152,Bhoutan Aviation
153,Bhoutan Flight
154,Bhoutan Airways
155,Bolivie Sky
156,Bolivie Jet
157,Bolivie Airlines
158,Bolivie Aviation
159,Bosnie-Herzégovine Sky
160,Bosnie-Herzégovine Aviation
161,Bosnie-Herzégovine Aeronautics
162,Bosnie-Herzégovine Air
163,Bosnie-Herzégovine Airways
164,Bosnie-Herzégovine Express
165,Bosnie-Herzégovine Airlines
166,Bosnie-Herzégovine Jet
167,Bosnie-Herzégovine International
168,Bosnie-Herzégovine Flight
169,Botswana Flight
170,Botswana International
171,Botswana Airways
172,Botswana Aviation
173,Botswana Sky
174,Botswana Express
175,Botswana Jet
176,Île Bouvet Airways
177,Île Bouvet Aeronautics
178,Île Bouvet Aviation
179,Île Bouvet Flight
180,Brésil Air
181,Brésil Airways
182,Brésil Express
183,Brésil Flight
184,Brésil Sky
185,Brésil Airlines
186,Brésil Jet
187,Brésil International
188,Brésil Aeronautics
189,Brésil Aviation
190,Territoire britannique de l''océan Indien Aeronautics
191,Territoire britannique de l''océan Indien Flight
192,Territoire britannique de l''océan Indien Express
193,Territoire britannique de l''océan Indien Airways
194,Territoire britannique de l''océan Indien Air
195,Territoire britannique de l''océan Indien Sky
196,Brunei Airlines
197,Brunei Airways
198,Brunei Flight
199,Brunei Air
200,Brunei Jet
201,Brunei Aviation
202,Brunei Express
203,Brunei Sky
204,Brunei Aeronautics
205,Brunei International
206,Bulgarie Flight
207,Bulgarie Aviation
208,Bulgarie Sky
209,Bulgarie Airways
210,Bulgarie Air
211,Burkina Faso International
212,Burkina Faso Air
213,Burkina Faso Jet
214,Burkina Faso Aviation
215,Burkina Faso Sky
216,Burkina Faso Aeronautics
217,Burkina Faso Airways
218,Burkina Faso Airlines
219,Burkina Faso Flight
220,Burkina Faso Express
221,Burundi Sky
222,Burundi Airlines
223,Burundi Jet
224,Burundi Air
225,Burundi Aeronautics
226,Burundi Airways
227,Burundi Aviation
228,Cap-Vert Airways
229,Cap-Vert Aeronautics
230,Cambodge Flight
231,Cambodge Air
232,Cambodge Jet
233,Cambodge Airlines
234,Cambodge Airways
235,Cambodge Aeronautics
236,Cambodge Aviation
237,Cambodge Express
238,Cambodge International
239,Cameroun Sky
240,Cameroun International
241,Cameroun Airways
242,Cameroun Aviation
243,Cameroun Air
244,Cameroun Aeronautics
245,Cameroun Flight
246,Cameroun Airlines
247,Cameroun Jet
248,Canada Air
249,Canada Airlines
250,Canada Jet
251,Pays-Bas caribéens International
252,Pays-Bas caribéens Express
253,Pays-Bas caribéens Jet
254,Pays-Bas caribéens Air
255,Pays-Bas caribéens Airlines
256,Pays-Bas caribéens Flight
257,Pays-Bas caribéens Aeronautics
258,Îles Caïmans Jet
259,Îles Caïmans Flight
260,République centrafricaine Aeronautics
261,République centrafricaine Aviation
262,République centrafricaine International
263,Tchad Aviation
264,Tchad Express
265,Tchad Sky
266,Tchad Airlines
267,Chili Express
268,Chili Jet
269,Chine Air
270,Chine Flight
271,Chine Sky
272,Île Christmas Airlines
273,Île Christmas Flight
274,Île Christmas International
275,Île Christmas Jet
276,Île Christmas Air
277,Île Christmas Sky
278,Île Christmas Aeronautics
279,Île Christmas Aviation
280,Île Christmas Airways
281,Îles Cocos Sky
282,Îles Cocos Flight
283,Îles Cocos International
284,Îles Cocos Airlines
285,Îles Cocos Aeronautics
286,Îles Cocos Jet
287,Îles Cocos Airways
288,Îles Cocos Aviation
289,Îles Cocos Air
290,Colombie Jet
291,Colombie Aeronautics
292,Colombie Flight
293,Comores Express
294,Comores Airways
295,Comores Flight
296,Comores Aeronautics
297,Congo-Brazzaville Flight
298,Congo-Brazzaville Airlines
299,Congo-Brazzaville International
300,Congo-Brazzaville Aeronautics
301,Congo-Brazzaville Airways
302,Congo-Brazzaville Jet
303,Congo-Brazzaville Air
304,Congo-Brazzaville Aviation
305,Congo-Kinshasa Aviation
306,Congo-Kinshasa Aeronautics
307,Îles Cook Airlines
308,Îles Cook Airways
309,Îles Cook Jet
310,Îles Cook Air
311,Îles Cook Express
312,Îles Cook Sky
313,Costa Rica Airlines
314,Costa Rica Sky
315,Costa Rica Air
316,Costa Rica Express
317,Costa Rica Airways
318,Croatie Aviation
319,Croatie Aeronautics
320,Croatie Sky
321,Croatie Airways
322,Croatie Airlines
323,Croatie International
324,Croatie Flight
325,Croatie Jet
326,Cuba Air
327,Cuba Express
328,Cuba International
329,Cuba Jet
330,Cuba Airways
331,Cuba Aeronautics
332,Cuba Aviation
333,Curaçao Airlines
334,Curaçao Aeronautics
335,Curaçao Express
336,Curaçao Airways
337,Curaçao Aviation
338,Curaçao Flight
339,Curaçao International
340,Chypre Aeronautics
341,Chypre Airlines
342,Chypre Aviation
343,Chypre Express
344,Chypre International
345,Chypre Jet
346,Chypre Airways
347,Chypre Sky
348,Chypre Flight
349,Chypre Air
350,Tchéquie Aviation
351,Tchéquie Airlines
352,Tchéquie Aeronautics
353,Tchéquie Express
354,Tchéquie Flight
355,Côte d''Ivoire Flight
356,Côte d''Ivoire Jet
357,Danemark Jet
358,Danemark Aeronautics
359,Danemark Express
360,Djibouti Sky
361,Djibouti Aviation
362,Djibouti Airways
363,Djibouti International
364,Djibouti Jet
365,Djibouti Flight
366,Djibouti Air
367,Djibouti Airlines
368,Dominique Aviation
369,Dominique Aeronautics
370,Dominique Air
371,République dominicaine Express
372,République dominicaine Flight
373,République dominicaine International
374,République dominicaine Aeronautics
375,République dominicaine Aviation
376,République dominicaine Jet
377,Équateur Jet
378,Équateur Aviation
379,Équateur International
380,Équateur Airways
381,Équateur Flight
382,Équateur Aeronautics
383,Égypte Express
384,Égypte Airlines
385,Égypte International
386,Égypte Airways
387,Égypte Jet
388,Égypte Aviation
389,Égypte Air
390,Égypte Flight
391,Égypte Aeronautics
392,Égypte Sky
393,Salvador Sky
394,Salvador Express
395,Salvador Aeronautics
396,Salvador Flight
397,Salvador Air
398,Salvador Jet
399,Salvador Airlines
400,Salvador International
401,Salvador Airways
402,Guinée équatoriale Aeronautics
403,Guinée équatoriale Aviation
404,Érythrée Air
405,Érythrée International
406,Érythrée Airways
407,Érythrée Jet
408,Érythrée Aeronautics
409,Érythrée Flight
410,Érythrée Sky
411,Érythrée Aviation
412,Érythrée Airlines
413,Érythrée Express
414,Estonie Flight
415,Estonie Air
416,Estonie Aeronautics
417,Estonie Airlines
418,Estonie Express
419,Estonie Sky
420,Estonie Airways
421,Estonie Jet
422,Eswatini Air
423,Eswatini Flight
424,Eswatini Jet
425,Éthiopie Aeronautics
426,Éthiopie International
427,Éthiopie Sky
428,Éthiopie Air
429,Éthiopie Airways
430,Îles Malouines (Îles Falkland) Airways
431,Îles Malouines (Îles Falkland) Flight
432,Îles Malouines (Îles Falkland) Air
433,Îles Malouines (Îles Falkland) Express
434,Îles Féroé Sky
435,Îles Féroé International
436,Îles Féroé Airways
437,Îles Féroé Flight
438,Îles Féroé Jet
439,Îles Féroé Aviation
440,Îles Féroé Express
441,Îles Féroé Airlines
442,Îles Féroé Air
443,Fidji Aviation
444,Fidji Express
445,Fidji Sky
446,Fidji Airways
447,Fidji Flight
448,Fidji Air
449,Fidji Aeronautics
450,Fidji International
451,Fidji Airlines
452,Finlande Express
453,Finlande Airways
454,Finlande Flight
455,Finlande Aviation
456,Finlande Aeronautics
457,Finlande Jet
458,Finlande International
459,Finlande Air
460,Finlande Airlines
461,France Flight
462,France Airlines
463,France International
464,France Aeronautics
465,France Jet
466,France Sky
467,France Air
468,France Aviation
469,France Express
470,France Airways
471,Guyane française Aviation
472,Guyane française Airways
473,Guyane française Jet
474,Guyane française Sky
475,Polynésie française Airways
476,Polynésie française Airlines
477,Terres australes françaises Airways
478,Terres australes françaises Jet
479,Terres australes françaises Express
480,Gabon Airways
481,Gabon Jet
482,Gabon International
483,Gabon Aviation
484,Gabon Air
485,Gabon Express
486,Gabon Sky
487,Gabon Flight
488,Gabon Aeronautics
489,Gambie Jet
490,Gambie Airways
491,Géorgie Aviation
492,Géorgie Airlines
493,Géorgie Air
494,Géorgie Jet
495,Géorgie International
496,Géorgie Express
497,Allemagne Aviation
498,Allemagne Airways
499,Allemagne Express
500,Allemagne International
501,Allemagne Aeronautics
502,Allemagne Airlines
503,Allemagne Sky
504,Allemagne Jet
505,Allemagne Air
506,Ghana Airways
507,Ghana Express
508,Ghana Flight
509,Ghana Aeronautics
510,Ghana International
511,Gibraltar Express
512,Gibraltar Air
513,Gibraltar Airways
514,Gibraltar International
515,Gibraltar Jet
516,Gibraltar Aeronautics
517,Grèce Express
518,Grèce Sky
519,Grèce Aeronautics
520,Grèce Airlines
521,Groenland Airlines
522,Groenland Express
523,Groenland Jet
524,Groenland Airways
525,Groenland Air
526,Groenland Sky
527,Groenland Aeronautics
528,Groenland Flight
529,Groenland Aviation
530,Groenland International
531,Grenade Flight
532,Grenade Aviation
533,Grenade Airways
534,Grenade Aeronautics
535,Grenade Air
536,Grenade Airlines
537,Guadeloupe Flight
538,Guadeloupe Aeronautics
539,Guadeloupe Aviation
540,Guam Airways
541,Guam International
542,Guam Express
543,Guam Aeronautics
544,Guam Jet
545,Guatemala Aeronautics
546,Guatemala Sky
547,Guatemala Air
548,Guatemala Express
549,Guatemala Airlines
550,Guatemala Airways
551,Guatemala Flight
552,Guatemala Jet
553,Guernesey International
554,Guernesey Aviation
555,Guinée Air
556,Guinée Aviation
557,Guinée Flight
558,Guinée Airways
559,Guinée Aeronautics
560,Guinée Jet
561,Guinée International
562,Guinée Airlines
563,Guinée Sky
564,Guinée-Bissau Airlines
565,Guinée-Bissau Jet
566,Guinée-Bissau Express
567,Guyana Aviation
568,Guyana Airlines
569,Guyana Aeronautics
570,Guyana International
571,Guyana Express
572,Haïti Airways
573,Haïti Jet
574,Haïti Air
575,Haïti Aeronautics
576,Haïti International
577,Haïti Aviation
578,Haïti Express
579,Îles Heard-et-MacDonald Airlines
580,Îles Heard-et-MacDonald Aeronautics
581,Îles Heard-et-MacDonald Airways
582,Îles Heard-et-MacDonald Aviation
583,Îles Heard-et-MacDonald Sky
584,Îles Heard-et-MacDonald Flight
585,Îles Heard-et-MacDonald International
586,Honduras International
587,Honduras Flight
588,Honduras Air
589,Honduras Aeronautics
590,Honduras Express
591,Honduras Airlines
592,Hong Kong Airlines
593,Hong Kong Express
594,Hong Kong Aeronautics
595,Hong Kong Jet
596,Hong Kong Sky
597,Hong Kong Aviation
598,Hong Kong Airways
599,Hong Kong Flight
600,Hong Kong Air
601,Hongrie International
602,Hongrie Airways
603,Hongrie Sky
604,Islande Air
605,Islande Jet
606,Islande Flight
607,Islande Aviation
608,Islande Airways
609,Inde Air
610,Inde Airlines
611,Inde Flight
612,Inde Aviation
613,Inde Express
614,Inde Jet
615,Inde International
616,Inde Sky
617,Inde Aeronautics
618,Inde Airways
619,Indonésie International
620,Indonésie Express
621,Indonésie Air
622,Iran Flight
623,Iran Airlines
624,Iran International
625,Iran Express
626,Iran Air
627,Iran Aviation
628,Iran Jet
629,Irak Aviation
630,Irak Jet
631,Irak Air
632,Irak Express
633,Irak Flight
634,Irak Airlines
635,Irlande Sky
636,Irlande Flight
637,Irlande Aeronautics
638,Irlande Air
639,Irlande Airlines
640,Irlande Aviation
641,Irlande Express
642,Irlande International
643,Île de Man Express
644,Île de Man Airways
645,Île de Man Aeronautics
646,Israël Aeronautics
647,Israël International
648,Israël Airlines
649,Italie Flight
650,Italie Jet
651,Italie Express
652,Italie Aviation
653,Jamaïque Jet
654,Jamaïque International
655,Jamaïque Sky
656,Japon International
657,Japon Aviation
658,Japon Sky
659,Japon Airways
660,Japon Aeronautics
661,Japon Air
662,Japon Flight
663,Japon Airlines
664,Japon Express
665,Japon Jet
666,Jersey Sky
667,Jersey Jet
668,Jersey International
669,Jersey Express
670,Jersey Aeronautics
671,Jersey Airways
672,Jersey Flight
673,Jersey Air
674,Jordanie Aviation
675,Jordanie Airlines
676,Jordanie Aeronautics
677,Jordanie Jet
678,Jordanie Airways
679,Jordanie International
680,Jordanie Air
681,Jordanie Flight
682,Kazakhstan Aeronautics
683,Kazakhstan Flight
684,Kazakhstan Aviation
685,Kazakhstan Airways
686,Kazakhstan International
687,Kazakhstan Jet
688,Kazakhstan Sky
689,Kazakhstan Airlines
690,Kazakhstan Air
691,Kazakhstan Express
692,Kenya Airlines
693,Kenya Flight
694,Kenya Aeronautics
695,Kenya International
696,Kenya Sky
697,Kenya Express
698,Kenya Air
699,Kenya Airways
700,Kenya Aviation
701,Kiribati Express
702,Kiribati Air
703,Kiribati Flight
704,Kiribati Jet
705,Kiribati Sky
706,Kiribati Airlines
707,Kiribati Aeronautics
708,Kiribati International
709,Kiribati Airways
710,Kiribati Aviation
711,Corée du Nord Air
712,Corée du Nord Aeronautics
713,Corée du Nord Flight
714,Corée du Nord Airlines
715,Corée du Nord Sky
716,Corée du Sud Aviation
717,Corée du Sud Flight
718,Corée du Sud Jet
719,Corée du Sud Airlines
720,Kosovo Sky
721,Kosovo Flight
722,Kosovo Air
723,Kosovo International
724,Kosovo Aviation
725,Kosovo Jet
726,Kosovo Airlines
727,Kosovo Aeronautics
728,Kosovo Airways
729,Kosovo Express
730,Koweït Aviation
731,Koweït International
732,Koweït Sky
733,Koweït Aeronautics
734,Koweït Airlines
735,Koweït Air
736,Koweït Airways
737,Koweït Express
738,Koweït Flight
739,Kirghizstan Airways
740,Kirghizstan Jet
741,Kirghizstan Air
742,Kirghizstan Airlines
743,Kirghizstan Aeronautics
744,Kirghizstan Flight
745,Kirghizstan International
746,Kirghizstan Aviation
747,Kirghizstan Sky
748,Laos Aviation
749,Laos Sky
750,Laos Express
751,Laos Airways
752,Laos Jet
753,Laos Aeronautics
754,Laos Airlines
755,Lettonie Express
756,Lettonie Jet
757,Lettonie Aviation
758,Liban Flight
759,Liban Air
760,Liban Aeronautics
761,Lesotho Aeronautics
762,Lesotho Airlines
763,Lesotho International
764,Lesotho Airways
765,Lesotho Flight
766,Lesotho Aviation
767,Liberia Aeronautics
768,Liberia Express
769,Liberia Sky
770,Liberia Air
771,Liberia Flight
772,Liberia Airways
773,Libye Jet
774,Libye Airways
775,Libye Express
776,Libye Aeronautics
777,Libye Aviation
778,Liechtenstein Flight
779,Liechtenstein Express
780,Liechtenstein International
781,Liechtenstein Aviation
782,Liechtenstein Air
783,Liechtenstein Sky
784,Liechtenstein Airlines
785,Liechtenstein Airways
786,Liechtenstein Aeronautics
787,Liechtenstein Jet
788,Lituanie International
789,Lituanie Aviation
790,Lituanie Jet
791,Lituanie Aeronautics
792,Lituanie Airlines
793,Lituanie Sky
794,Lituanie Airways
795,Lituanie Flight
796,Lituanie Express
797,Lituanie Air
798,Luxembourg International
799,Luxembourg Flight
800,Luxembourg Airways
801,Luxembourg Air
802,Macao Air
803,Macao Flight
804,Macao Airways
805,Macao Sky
806,Macao Aviation
807,Macao Express
808,Macao Airlines
809,Macao Aeronautics
810,Macao Jet
811,Macao International
812,Macédoine du Nord Air
813,Macédoine du Nord Aviation
814,Macédoine du Nord Airlines
815,Macédoine du Nord Aeronautics
816,Macédoine du Nord Airways
817,Macédoine du Nord International
818,Macédoine du Nord Sky
819,Macédoine du Nord Jet
820,Macédoine du Nord Flight
821,Macédoine du Nord Express
822,Madagascar Airways
823,Madagascar Jet
824,Madagascar Airlines
825,Madagascar Aeronautics
826,Madagascar Aviation
827,Madagascar Sky
828,Madagascar International
829,Madagascar Express
830,Madagascar Air
831,Madagascar Flight
832,Malawi Airlines
833,Malawi Express
834,Malaisie Aviation
835,Malaisie Express
836,Maldives Airlines
837,Maldives Jet
838,Maldives Aeronautics
839,Maldives International
840,Maldives Sky
841,Mali Jet
842,Mali International
843,Mali Aviation
844,Mali Airlines
845,Mali Airways
846,Mali Aeronautics
847,Mali Flight
848,Malte Airlines
849,Malte Flight
850,Malte Aeronautics
851,Malte International
852,Malte Airways
853,Malte Jet
854,Malte Express
855,Malte Air
856,Malte Sky
857,Îles Marshall Flight
858,Îles Marshall Express
859,Îles Marshall Airlines
860,Îles Marshall Sky
861,Martinique Sky
862,Martinique Flight
863,Martinique Aviation
864,Martinique Aeronautics
865,Mauritanie Flight
866,Mauritanie Airways
867,Mauritanie Aviation
868,Mauritanie Air
869,Mauritanie International
870,Mauritanie Express
871,Maurice Air
872,Maurice Flight
873,Maurice Jet
874,Maurice Express
875,Maurice Aviation
876,Maurice Sky
877,Mayotte Aeronautics
878,Mayotte Airways
879,Mexique Air
880,Mexique Express
881,Mexique Sky
882,Mexique Airlines
883,Mexique Flight
884,Micronésie Airlines
885,Micronésie Airways
886,Micronésie Aviation
887,Micronésie Jet
888,Micronésie Flight
889,Micronésie Express
890,Micronésie Sky
891,Micronésie Air
892,Micronésie International
893,Micronésie Aeronautics
894,Moldavie Aeronautics
895,Moldavie Jet
896,Moldavie Express
897,Moldavie Airlines
898,Moldavie Flight
899,Moldavie Airways
900,Monaco Flight
901,Monaco Airways
902,Monaco Aviation
903,Monaco Aeronautics
904,Monaco Air
905,Monaco Jet
906,Monaco Express
907,Mongolie Jet
908,Mongolie Aeronautics
909,Mongolie Airlines
910,Mongolie International
911,Mongolie Airways
912,Mongolie Express
913,Mongolie Flight
914,Mongolie Aviation
915,Mongolie Sky
916,Mongolie Air
917,Monténégro Airlines
918,Monténégro Aviation
919,Monténégro International
920,Monténégro Express
921,Monténégro Sky
922,Monténégro Air
923,Monténégro Aeronautics
924,Montserrat Flight
925,Montserrat Air
926,Montserrat Aviation
927,Montserrat Sky
928,Montserrat Airlines
929,Montserrat Jet
930,Montserrat Airways
931,Montserrat International
932,Maroc International
933,Maroc Sky
934,Mozambique International
935,Mozambique Airlines
936,Mozambique Airways
937,Mozambique Aviation
938,Mozambique Sky
939,Mozambique Aeronautics
940,Mozambique Jet
941,Mozambique Flight
942,Myanmar (Birmanie) International
943,Myanmar (Birmanie) Jet
944,Namibie Sky
945,Namibie Aviation
946,Namibie International
947,Namibie Airlines
948,Namibie Aeronautics
949,Namibie Flight
950,Namibie Airways
951,Namibie Air
952,Nauru Aviation
953,Nauru Airlines
954,Nauru Air
955,Nauru International
956,Nauru Aeronautics
957,Nauru Flight
958,Népal Jet
959,Népal Air
960,Pays-Bas Flight
961,Pays-Bas Airways
962,Pays-Bas Sky
963,Pays-Bas Aviation
964,Pays-Bas Aeronautics
965,Nouvelle-Calédonie Air
966,Nouvelle-Calédonie Sky
967,Nouvelle-Calédonie Flight
968,Nouvelle-Calédonie Jet
969,Nouvelle-Calédonie Airlines
970,Nouvelle-Calédonie Express
971,Nouvelle-Zélande Aviation
972,Nouvelle-Zélande Airways
973,Nouvelle-Zélande Jet
974,Nouvelle-Zélande Air
975,Nouvelle-Zélande Flight
976,Nouvelle-Zélande Express
977,Nicaragua Aviation
978,Nicaragua Airlines
979,Nicaragua Flight
980,Nicaragua Sky
981,Nicaragua Airways
982,Nicaragua International
983,Nicaragua Express
984,Nicaragua Aeronautics
985,Nicaragua Air
986,Niger Flight
987,Niger Jet
988,Niger International
989,Niger Aviation
990,Nigeria International
991,Nigeria Aeronautics
992,Nigeria Flight
993,Nigeria Airlines
994,Nigeria Jet
995,Nigeria Airways
996,Nigeria Aviation
997,Nigeria Express
998,Nigeria Sky
999,Niue Air
1000,Niue International
1001,Niue Aeronautics
1002,Niue Sky
1003,Île Norfolk Sky
1004,Île Norfolk Airways
1005,Île Norfolk Flight
1006,Île Norfolk Aviation
1007,Île Norfolk Airlines
1008,Îles Mariannes du Nord Airlines
1009,Îles Mariannes du Nord Airways
1010,Îles Mariannes du Nord Air
1011,Îles Mariannes du Nord Sky
1012,Îles Mariannes du Nord Flight
1013,Îles Mariannes du Nord Aeronautics
1014,Îles Mariannes du Nord Aviation
1015,Îles Mariannes du Nord International
1016,Îles Mariannes du Nord Jet
1017,Norvège Express
1018,Norvège Flight
1019,Norvège International
1020,Norvège Air
1021,Norvège Airlines
1022,Norvège Sky
1023,Norvège Jet
1024,Norvège Aeronautics
1025,Oman Flight
1026,Oman Airlines
1027,Oman Airways
1028,Pakistan Sky
1029,Pakistan Aviation
1030,Pakistan Airways
1031,Pakistan Flight
1032,Pakistan Air
1033,Pakistan International
1034,Pakistan Express
1035,Palaos Flight
1036,Palaos Aeronautics
1037,Palaos Airlines
1038,Palaos Express
1039,Palaos Jet
1040,Palaos Aviation
1041,Palaos Airways
1042,Palaos Air
1043,Palaos Sky
1044,Palaos International
1045,Palestine Air
1046,Palestine Aviation
1047,Palestine Airways
1048,Palestine Express
1049,Palestine Jet
1050,Palestine International
1051,Palestine Flight
1052,Palestine Sky
1053,Palestine Aeronautics
1054,Panama Jet
1055,Panama Airlines
1056,Panama Sky
1057,Panama Aeronautics
1058,Panama Flight
1059,Panama Airways
1060,Panama International
1061,Panama Express
1062,Papouasie-Nouvelle-Guinée International
1063,Papouasie-Nouvelle-Guinée Express
1064,Paraguay Jet
1065,Paraguay Airlines
1066,Paraguay Express
1067,Paraguay Aeronautics
1068,Paraguay Air
1069,Paraguay Airways
1070,Paraguay Flight
1071,Paraguay Aviation
1072,Paraguay International
1073,Pérou Airlines
1074,Pérou Aviation
1075,Philippines Express
1076,Philippines Aeronautics
1077,Îles Pitcairn International
1078,Îles Pitcairn Express
1079,Îles Pitcairn Aeronautics
1080,Îles Pitcairn Flight
1081,Îles Pitcairn Sky
1082,Pologne Aeronautics
1083,Pologne Express
1084,Pologne Flight
1085,Pologne Sky
1086,Pologne Jet
1087,Pologne Air
1088,Pologne Aviation
1089,Pologne Airways
1090,Portugal Express
1091,Portugal Aviation
1092,Portugal Jet
1093,Portugal International
1094,Porto Rico International
1095,Porto Rico Express
1096,Porto Rico Flight
1097,Porto Rico Jet
1098,Porto Rico Aviation
1099,Porto Rico Airways
1100,Porto Rico Aeronautics
1101,Porto Rico Airlines
1102,Porto Rico Sky
1103,Porto Rico Air
1104,Qatar Jet
1105,Qatar Sky
1106,Qatar International
1107,La Réunion Express
1108,La Réunion Aviation
1109,La Réunion International
1110,La Réunion Sky
1111,La Réunion Aeronautics
1112,La Réunion Airways
1113,Roumanie Airways
1114,Roumanie Express
1115,Roumanie Flight
1116,Roumanie Air
1117,Roumanie Aviation
1118,Roumanie Aeronautics
1119,Roumanie Airlines
1120,Roumanie Sky
1121,Russie Sky
1122,Russie Express
1123,Russie Airways
1124,Russie Jet
1125,Rwanda Aviation
1126,Rwanda Flight
1127,Rwanda International
1128,Rwanda Express
1129,Saint-Barthélemy International
1130,Saint-Barthélemy Aeronautics
1131,Saint-Barthélemy Express
1132,Saint-Barthélemy Sky
1133,Saint-Barthélemy Aviation
1134,Saint-Barthélemy Flight
1135,Saint-Barthélemy Airlines
1136,Saint-Barthélemy Air
1137,Sainte-Hélène Express
1138,Sainte-Hélène International
1139,Sainte-Hélène Flight
1140,Sainte-Hélène Jet
1141,Sainte-Hélène Aviation
1142,Sainte-Hélène Air
1143,Sainte-Hélène Sky
1144,Saint-Christophe-et-Niévès Sky
1145,Saint-Christophe-et-Niévès Air
1146,Saint-Christophe-et-Niévès Airlines
1147,Saint-Christophe-et-Niévès Aviation
1148,Saint-Christophe-et-Niévès Jet
1149,Saint-Christophe-et-Niévès Flight
1150,Saint-Christophe-et-Niévès Aeronautics
1151,Saint-Christophe-et-Niévès Airways
1152,Sainte-Lucie Sky
1153,Sainte-Lucie Airways
1154,Sainte-Lucie Jet
1155,Sainte-Lucie Aeronautics
1156,Sainte-Lucie Aviation
1157,Sainte-Lucie Flight
1158,Sainte-Lucie Airlines
1159,Sainte-Lucie Express
1160,Saint-Martin Air
1161,Saint-Martin Flight
1162,Saint-Martin International
1163,Saint-Martin Jet
1164,Saint-Martin Airways
1165,Saint-Martin Express
1166,Saint-Pierre-et-Miquelon Flight
1167,Saint-Pierre-et-Miquelon Sky
1168,Saint-Pierre-et-Miquelon International
1169,Saint-Pierre-et-Miquelon Express
1170,Saint-Pierre-et-Miquelon Airlines
1171,Saint-Pierre-et-Miquelon Airways
1172,Saint-Vincent-et-les Grenadines Aeronautics
1173,Saint-Vincent-et-les Grenadines Airlines
1174,Saint-Vincent-et-les Grenadines Air
1175,Samoa Aeronautics
1176,Samoa Jet
1177,Saint-Marin Airways
1178,Saint-Marin Jet
1179,Saint-Marin Sky
1180,Saint-Marin Aeronautics
1181,Saint-Marin Flight
1182,Saint-Marin Airlines
1183,Saint-Marin Express
1184,Sao Tomé-et-Principe Airways
1185,Sao Tomé-et-Principe Airlines
1186,Sao Tomé-et-Principe Aviation
1187,Sao Tomé-et-Principe Flight
1188,Sao Tomé-et-Principe Air
1189,Arabie saoudite Sky
1190,Arabie saoudite Jet
1191,Arabie saoudite Aeronautics
1192,Arabie saoudite Air
1193,Arabie saoudite Airlines
1194,Sénégal Express
1195,Sénégal Air
1196,Sénégal Aeronautics
1197,Sénégal Flight
1198,Sénégal Sky
1199,Sénégal Airlines
1200,Sénégal Jet
1201,Sénégal Aviation
1202,Serbie Aviation
1203,Serbie Jet
1204,Seychelles Airways
1205,Seychelles Airlines
1206,Seychelles Aeronautics
1207,Seychelles Air
1208,Seychelles Sky
1209,Seychelles Jet
1210,Seychelles Express
1211,Sierra Leone Aeronautics
1212,Sierra Leone Flight
1213,Sierra Leone Aviation
1214,Sierra Leone Express
1215,Sierra Leone International
1216,Sierra Leone Airways
1217,Sierra Leone Air
1218,Singapour Airlines
1219,Singapour Sky
1220,Saint-Martin (partie néerlandaise) Jet
1221,Saint-Martin (partie néerlandaise) Airlines
1222,Saint-Martin (partie néerlandaise) Sky
1223,Saint-Martin (partie néerlandaise) Aeronautics
1224,Saint-Martin (partie néerlandaise) Express
1225,Saint-Martin (partie néerlandaise) International
1226,Saint-Martin (partie néerlandaise) Airways
1227,Slovaquie Aviation
1228,Slovaquie Express
1229,Slovaquie Jet
1230,Slovaquie International
1231,Slovaquie Flight
1232,Slovaquie Sky
1233,Slovaquie Aeronautics
1234,Slovaquie Airways
1235,Slovénie International
1236,Slovénie Flight
1237,Slovénie Aeronautics
1238,Slovénie Jet
1239,Slovénie Sky
1240,Slovénie Airlines
1241,Slovénie Airways
1242,Slovénie Aviation
1243,Slovénie Express
1244,Slovénie Air
1245,Îles Salomon Airways
1246,Îles Salomon Jet
1247,Îles Salomon Airlines
1248,Îles Salomon Sky
1249,Îles Salomon Flight
1250,Îles Salomon Air
1251,Îles Salomon Aviation
1252,Somalie Express
1253,Somalie Jet
1254,Somalie International
1255,Somalie Flight
1256,Somalie Airlines
1257,Somalie Aviation
1258,Afrique du Sud International
1259,Afrique du Sud Express
1260,Afrique du Sud Airways
1261,Afrique du Sud Aeronautics
1262,Afrique du Sud Flight
1263,Afrique du Sud Air
1264,Afrique du Sud Sky
1265,Afrique du Sud Jet
1266,Afrique du Sud Airlines
1267,Afrique du Sud Aviation
1268,Géorgie du Sud-et-les Îles Sandwich du Sud Airways
1269,Géorgie du Sud-et-les Îles Sandwich du Sud Airlines
1270,Géorgie du Sud-et-les Îles Sandwich du Sud Air
1271,Soudan du Sud Air
1272,Soudan du Sud Airlines
1273,Soudan du Sud Sky
1274,Soudan du Sud Flight
1275,Espagne Sky
1276,Espagne Aeronautics
1277,Espagne Air
1278,Espagne Airlines
1279,Espagne Aviation
1280,Sri Lanka Aviation
1281,Sri Lanka Airlines
1282,Sri Lanka Jet
1283,Sri Lanka Aeronautics
1284,Soudan Airways
1285,Soudan Airlines
1286,Soudan Air
1287,Soudan Aeronautics
1288,Soudan Flight
1289,Soudan Jet
1290,Soudan Aviation
1291,Suriname International
1292,Suriname Airways
1293,Suriname Flight
1294,Suriname Aviation
1295,Suriname Aeronautics
1296,Suriname Express
1297,Svalbard et Jan Mayen Air
1298,Svalbard et Jan Mayen Express
1299,Svalbard et Jan Mayen Airlines
1300,Svalbard et Jan Mayen Aeronautics
1301,Svalbard et Jan Mayen Flight
1302,Suède Air
1303,Suède Airways
1304,Suède Airlines
1305,Suède Jet
1306,Suède Flight
1307,Suède Express
1308,Suisse Aeronautics
1309,Suisse Jet
1310,Syrie Express
1311,Syrie Sky
1312,Syrie Aeronautics
1313,Syrie Aviation
1314,Syrie Jet
1315,Syrie Air
1316,Syrie Airlines
1317,Syrie Airways
1318,Syrie Flight
1319,Syrie International
1320,Taïwan Aeronautics
1321,Taïwan Aviation
1322,Taïwan Express
1323,Taïwan Air
1324,Taïwan Airways
1325,Taïwan Sky
1326,Taïwan Jet
1327,Taïwan Airlines
1328,Tadjikistan Airways
1329,Tadjikistan Aviation
1330,Tadjikistan Aeronautics
1331,Tadjikistan Sky
1332,Tadjikistan Jet
1333,Tanzanie Air
1334,Tanzanie International
1335,Tanzanie Airlines
1336,Tanzanie Aviation
1337,Tanzanie Airways
1338,Tanzanie Sky
1339,Tanzanie Aeronautics
1340,Thaïlande Aeronautics
1341,Thaïlande Sky
1342,Thaïlande Aviation
1343,Thaïlande Express
1344,Timor oriental Express
1345,Timor oriental Flight
1346,Timor oriental Airways
1347,Timor oriental Jet
1348,Timor oriental International
1349,Timor oriental Air
1350,Timor oriental Aeronautics
1351,Timor oriental Aviation
1352,Timor oriental Airlines
1353,Togo Aviation
1354,Togo Airways
1355,Tokelau International
1356,Tokelau Airlines
1357,Tokelau Jet
1358,Tokelau Airways
1359,Tokelau Flight
1360,Tokelau Air
1361,Tokelau Express
1362,Tokelau Aviation
1363,Tonga Sky
1364,Tonga Jet
1365,Tonga Airways
1366,Tonga Aeronautics
1367,Trinité-et-Tobago Express
1368,Trinité-et-Tobago Airlines
1369,Trinité-et-Tobago Jet
1370,Trinité-et-Tobago Aviation
1371,Tunisie Sky
1372,Tunisie Flight
1373,Tunisie Aeronautics
1374,Tunisie Air
1375,Tunisie Jet
1376,Tunisie Aviation
1377,Turquie Aviation
1378,Turquie Airlines
1379,Turquie Aeronautics
1380,Turquie International
1381,Turkménistan Airlines
1382,Turkménistan Airways
1383,Turkménistan Air
1384,Turkménistan Aviation
1385,Turkménistan Express
1386,Turkménistan Aeronautics
1387,Turkménistan International
1388,Turkménistan Sky
1389,Turkménistan Jet
1390,Turkménistan Flight
1391,Îles Turques-et-Caïques International
1392,Îles Turques-et-Caïques Express
1393,Îles Turques-et-Caïques Air
1394,Îles Turques-et-Caïques Aeronautics
1395,Tuvalu International
1396,Tuvalu Aviation
1397,Tuvalu Flight
1398,Tuvalu Airways
1399,Tuvalu Jet
1400,Îles mineures éloignées des États-Unis Express
1401,Îles mineures éloignées des États-Unis Aviation
1402,Îles mineures éloignées des États-Unis Sky
1403,Îles mineures éloignées des États-Unis Flight
1404,Îles mineures éloignées des États-Unis International
1405,Îles mineures éloignées des États-Unis Airlines
1406,Îles mineures éloignées des États-Unis Jet
1407,Îles mineures éloignées des États-Unis Aeronautics
1408,Îles mineures éloignées des États-Unis Airways
1409,Îles mineures éloignées des États-Unis Air
1410,Ouganda Express
1411,Ouganda Aviation
1412,Ouganda International
1413,Ouganda Aeronautics
1414,Ouganda Airlines
1415,Ouganda Jet
1416,Ukraine Sky
1417,Ukraine Airways
1418,Ukraine Aviation
1419,Ukraine Aeronautics
1420,Ukraine Air
1421,Ukraine International
1422,Ukraine Flight
1423,Émirats arabes unis Flight
1424,Émirats arabes unis Airways
1425,Émirats arabes unis Aviation
1426,Émirats arabes unis Airlines
1427,Royaume-Uni Aeronautics
1428,Royaume-Uni Express
1429,Royaume-Uni Flight
1430,Royaume-Uni Air
1431,États-Unis Sky
1432,États-Unis Airways
1433,États-Unis Aeronautics
1434,États-Unis Aviation
1435,États-Unis Air
1436,Uruguay Express
1437,Uruguay Sky
1438,Uruguay Air
1439,Uruguay International
1440,Uruguay Aviation
1441,Uruguay Flight
1442,Uruguay Aeronautics
1443,Uruguay Jet
1444,Uruguay Airways
1445,Ouzbékistan Air
1446,Ouzbékistan Airlines
1447,Ouzbékistan Jet
1448,Ouzbékistan Express
1449,Vanuatu Sky
1450,Vanuatu Aeronautics
1451,Vanuatu Jet
1452,Vanuatu Express
1453,Vanuatu Aviation
1454,Vanuatu Air
1455,État de la Cité du Vatican Aeronautics
1456,État de la Cité du Vatican Sky
1457,Venezuela Flight
1458,Venezuela Sky
1459,Venezuela Aviation
1460,Venezuela Express
1461,Venezuela Jet
1462,Venezuela International
1463,Venezuela Airlines
1464,Venezuela Airways
1465,Venezuela Aeronautics
1466,Viêt Nam Sky
1467,Viêt Nam Airlines
1468,Viêt Nam Aviation
1469,Viêt Nam International
1470,Viêt Nam Flight
1471,Viêt Nam Express
1472,Viêt Nam Aeronautics
1473,Viêt Nam Jet
1474,Viêt Nam Air
1475,Îles Vierges britanniques Flight
1476,Îles Vierges britanniques Airlines
1477,Îles Vierges britanniques Aeronautics
1478,Îles Vierges britanniques Airways
1479,Îles Vierges britanniques Air
1480,Îles Vierges britanniques International
1481,Îles Vierges britanniques Sky
1482,Îles Vierges des États-Unis Flight
1483,Îles Vierges des États-Unis Airways
1484,Îles Vierges des États-Unis International
1485,Wallis-et-Futuna Airlines
1486,Wallis-et-Futuna Air
1487,Wallis-et-Futuna Express
1488,Wallis-et-Futuna Aviation
1489,Wallis-et-Futuna Sky
1490,Wallis-et-Futuna Aeronautics
1491,Wallis-et-Futuna Jet
1492,Wallis-et-Futuna Airways
1493,Wallis-et-Futuna International
1494,Sahara occidental Express
1495,Sahara occidental Airways
1496,Sahara occidental Airlines
1497,Sahara occidental Sky
1498,Yémen Flight
1499,Yémen Express
1500,Yémen International
1501,Yémen Sky
1502,Yémen Aeronautics
1503,Yémen Jet
1504,Zambie Airways
1505,Zambie Aviation
1506,Zambie International
1507,Zimbabwe Flight
1508,Zimbabwe Aeronautics
1509,Zimbabwe Express
1510,Zimbabwe Airlines
1511,Zimbabwe Jet
