"1","Supérieure","199.00"
"2","Deluxe","382.00"
"3","Suite","453.00"
"4","Présidentielle","795.00"
"5","Simple","64.00"
"6","Double","95.00"
"7","Triple","116.00"
"8","Familiale","144.00"
"9","Simple","45.00"
"10","Double","61.00"
"11","Standard","85.00"
"12","Supérieure","159.00"
"13","Suite","209.00"
"14","Standard","109.00"
"15","Supérieure","170.00"
"16","Suite","234.00"
"17","Simple","54.00"
"18","Double","93.00"
"19","Triple","125.00"
"20","Familiale","153.00"
"21","Supérieure","187.00"
"22","Deluxe","328.00"
"23","Suite","476.00"
"24","Présidentielle","896.00"
"25","Supérieure","217.00"
"26","Deluxe","340.00"
"27","Suite","484.00"
"28","Présidentielle","771.00"
"29","Supérieure","229.00"
"30","Deluxe","339.00"
"31","Suite","458.00"
"32","Présidentielle","959.00"
"33","Standard","91.00"
"34","Supérieure","143.00"
"35","Suite","244.00"
"36","Supérieure","220.00"
"37","Deluxe","381.00"
"38","Suite","423.00"
"39","Présidentielle","525.00"
"40","Simple","51.00"
"41","Double","85.00"
"42","Triple","107.00"
"43","Familiale","134.00"
"44","Standard","87.00"
"45","Supérieure","150.00"
"46","Suite","250.00"
"47","Simple","56.00"
"48","Double","80.00"
"49","Triple","84.00"
"50","Simple","43.00"
"51","Double","67.00"
"52","Triple","80.00"
"53","Standard","108.00"
"54","Supérieure","150.00"
"55","Suite","233.00"
"56","Simple","34.00"
"57","Double","57.00"
"58","Simple","42.00"
"59","Double","65.00"
"60","Simple","45.00"
"61","Double","56.00"
"62","Supérieure","187.00"
"63","Deluxe","276.00"
"64","Suite","490.00"
"65","Présidentielle","606.00"
"66","Standard","94.00"
"67","Supérieure","135.00"
"68","Suite","248.00"
"69","Standard","118.00"
"70","Supérieure","154.00"
"71","Suite","220.00"
"72","Simple","68.00"
"73","Double","99.00"
"74","Triple","108.00"
"75","Familiale","156.00"
"76","Standard","112.00"
"77","Supérieure","144.00"
"78","Suite","191.00"
"79","Supérieure","171.00"
"80","Deluxe","297.00"
"81","Suite","476.00"
"82","Présidentielle","681.00"
"83","Supérieure","249.00"
"84","Deluxe","288.00"
"85","Suite","423.00"
"86","Présidentielle","928.00"
"87","Simple","49.00"
"88","Double","52.00"
"89","Simple","34.00"
"90","Double","65.00"
"91","Simple","51.00"
"92","Double","63.00"
"93","Triple","94.00"
"94","Supérieure","235.00"
"95","Deluxe","316.00"
"96","Suite","492.00"
"97","Présidentielle","564.00"
"98","Standard","118.00"
"99","Supérieure","143.00"
"100","Suite","243.00"
"101","Standard","107.00"
"102","Supérieure","137.00"
"103","Suite","195.00"
"104","Standard","89.00"
"105","Supérieure","162.00"
"106","Suite","248.00"
"107","Supérieure","247.00"
"108","Deluxe","368.00"
"109","Suite","402.00"
"110","Présidentielle","763.00"
"111","Simple","56.00"
"112","Double","83.00"
"113","Triple","113.00"
"114","Familiale","157.00"
"115","Standard","102.00"
"116","Supérieure","130.00"
"117","Suite","210.00"
"118","Simple","32.00"
"119","Double","54.00"
"120","Standard","110.00"
"121","Supérieure","142.00"
"122","Suite","196.00"
"123","Simple","61.00"
"124","Double","74.00"
"125","Triple","107.00"
"126","Familiale","130.00"
"127","Standard","108.00"
"128","Supérieure","123.00"
"129","Suite","197.00"
"130","Simple","66.00"
"131","Double","71.00"
"132","Triple","119.00"
"133","Familiale","132.00"
"134","Standard","108.00"
"135","Supérieure","171.00"
"136","Suite","191.00"
"137","Supérieure","212.00"
"138","Deluxe","294.00"
"139","Suite","450.00"
"140","Présidentielle","521.00"
"141","Simple","44.00"
"142","Double","53.00"
"143","Simple","50.00"
"144","Double","65.00"
"145","Triple","84.00"
"146","Standard","88.00"
"147","Supérieure","179.00"
"148","Suite","184.00"
"149","Supérieure","189.00"
"150","Deluxe","347.00"
"151","Suite","470.00"
"152","Présidentielle","636.00"
"153","Simple","46.00"
"154","Double","62.00"
"155","Standard","81.00"
"156","Supérieure","173.00"
"157","Suite","204.00"
"158","Standard","108.00"
"159","Supérieure","143.00"
"160","Suite","206.00"
"161","Simple","38.00"
"162","Double","61.00"
"163","Simple","31.00"
"164","Double","61.00"
"165","Simple","59.00"
"166","Double","60.00"
"167","Triple","80.00"
"168","Simple","55.00"
"169","Double","88.00"
"170","Triple","121.00"
"171","Familiale","137.00"
"172","Standard","110.00"
"173","Supérieure","180.00"
"174","Suite","206.00"
"175","Standard","81.00"
"176","Supérieure","174.00"
"177","Suite","226.00"
"178","Simple","49.00"
"179","Double","67.00"
"180","Triple","96.00"
"181","Simple","53.00"
"182","Double","74.00"
"183","Triple","93.00"
"184","Simple","55.00"
"185","Double","78.00"
"186","Triple","94.00"
"187","Standard","96.00"
"188","Supérieure","132.00"
"189","Suite","207.00"
"190","Simple","33.00"
"191","Double","55.00"
"192","Simple","48.00"
"193","Double","80.00"
"194","Triple","91.00"
"195","Simple","43.00"
"196","Double","68.00"
"197","Triple","82.00"
"198","Simple","48.00"
"199","Double","61.00"
"200","Triple","98.00"
"201","Simple","57.00"
"202","Double","74.00"
"203","Triple","119.00"
"204","Familiale","130.00"
"205","Simple","49.00"
"206","Double","57.00"
"207","Simple","60.00"
"208","Double","71.00"
"209","Triple","120.00"
"210","Familiale","156.00"
"211","Standard","89.00"
"212","Supérieure","150.00"
"213","Suite","247.00"
"214","Standard","117.00"
"215","Supérieure","136.00"
"216","Suite","237.00"
"217","Simple","67.00"
"218","Double","77.00"
"219","Triple","115.00"
"220","Familiale","149.00"
"221","Simple","38.00"
"222","Double","63.00"
"223","Supérieure","218.00"
"224","Deluxe","339.00"
"225","Suite","471.00"
"226","Présidentielle","599.00"
"227","Supérieure","159.00"
"228","Deluxe","350.00"
"229","Suite","402.00"
"230","Présidentielle","700.00"
"231","Supérieure","152.00"
"232","Deluxe","273.00"
"233","Suite","469.00"
"234","Présidentielle","697.00"
"235","Simple","41.00"
"236","Double","79.00"
"237","Triple","83.00"
"238","Simple","43.00"
"239","Double","77.00"
"240","Triple","97.00"
"241","Simple","51.00"
"242","Double","64.00"
"243","Triple","84.00"
"244","Simple","49.00"
"245","Double","75.00"
"246","Triple","90.00"
"247","Standard","82.00"
"248","Supérieure","125.00"
"249","Suite","204.00"
"250","Simple","52.00"
"251","Double","92.00"
"252","Triple","116.00"
"253","Familiale","153.00"
"254","Supérieure","237.00"
"255","Deluxe","300.00"
"256","Suite","449.00"
"257","Présidentielle","997.00"
"258","Simple","60.00"
"259","Double","62.00"
"260","Triple","86.00"
"261","Simple","66.00"
"262","Double","71.00"
"263","Triple","100.00"
"264","Familiale","147.00"
"265","Supérieure","207.00"
"266","Deluxe","324.00"
"267","Suite","454.00"
"268","Présidentielle","997.00"
"269","Standard","80.00"
"270","Supérieure","145.00"
"271","Suite","246.00"
"272","Simple","56.00"
"273","Double","73.00"
"274","Triple","90.00"
"275","Supérieure","227.00"
"276","Deluxe","368.00"
"277","Suite","500.00"
"278","Présidentielle","565.00"
"279","Simple","69.00"
"280","Double","83.00"
"281","Triple","127.00"
"282","Familiale","141.00"
"283","Simple","35.00"
"284","Double","68.00"
"285","Simple","42.00"
"286","Double","66.00"
"287","Triple","81.00"
"288","Standard","113.00"
"289","Supérieure","159.00"
"290","Suite","199.00"
"291","Supérieure","178.00"
"292","Deluxe","267.00"
"293","Suite","438.00"
"294","Présidentielle","775.00"
"295","Simple","37.00"
"296","Double","56.00"
"297","Simple","66.00"
"298","Double","99.00"
"299","Triple","127.00"
"300","Familiale","143.00"
"301","Simple","45.00"
"302","Double","77.00"
"303","Triple","95.00"
"304","Simple","36.00"
"305","Double","55.00"
"306","Supérieure","229.00"
"307","Deluxe","253.00"
"308","Suite","432.00"
"309","Présidentielle","884.00"
"310","Simple","67.00"
"311","Double","100.00"
"312","Triple","103.00"
"313","Familiale","142.00"
"314","Supérieure","172.00"
"315","Deluxe","254.00"
"316","Suite","433.00"
"317","Présidentielle","895.00"
"318","Simple","40.00"
"319","Double","66.00"
"320","Simple","53.00"
"321","Double","87.00"
"322","Triple","129.00"
"323","Familiale","147.00"
"324","Simple","68.00"
"325","Double","74.00"
"326","Triple","102.00"
"327","Familiale","131.00"
"328","Standard","93.00"
"329","Supérieure","123.00"
"330","Suite","192.00"
"331","Standard","105.00"
"332","Supérieure","171.00"
"333","Suite","234.00"
"334","Simple","44.00"
"335","Double","63.00"
"336","Simple","45.00"
"337","Double","65.00"
"338","Triple","93.00"
"339","Standard","116.00"
"340","Supérieure","156.00"
"341","Suite","209.00"
"342","Simple","54.00"
"343","Double","93.00"
"344","Triple","109.00"
"345","Familiale","149.00"
"346","Simple","42.00"
"347","Double","65.00"
"348","Triple","88.00"
"349","Simple","52.00"
"350","Double","98.00"
"351","Triple","113.00"
"352","Familiale","131.00"
"353","Simple","55.00"
"354","Double","67.00"
"355","Triple","82.00"
"356","Simple","35.00"
"357","Double","68.00"
"358","Simple","70.00"
"359","Double","90.00"
"360","Triple","117.00"
"361","Familiale","154.00"
"362","Standard","108.00"
"363","Supérieure","128.00"
"364","Suite","207.00"
"365","Supérieure","208.00"
"366","Deluxe","344.00"
"367","Suite","476.00"
"368","Présidentielle","619.00"
"369","Supérieure","223.00"
"370","Deluxe","395.00"
"371","Suite","459.00"
"372","Présidentielle","586.00"
"373","Standard","82.00"
"374","Supérieure","176.00"
"375","Suite","183.00"
"376","Simple","46.00"
"377","Double","71.00"
"378","Triple","100.00"
"379","Simple","66.00"
"380","Double","92.00"
"381","Triple","126.00"
"382","Familiale","145.00"
"383","Simple","47.00"
"384","Double","64.00"
"385","Triple","82.00"
"386","Supérieure","156.00"
"387","Deluxe","386.00"
"388","Suite","495.00"
"389","Présidentielle","940.00"
"390","Standard","90.00"
"391","Supérieure","140.00"
"392","Suite","192.00"
"393","Simple","55.00"
"394","Double","81.00"
"395","Triple","109.00"
"396","Familiale","148.00"
"397","Simple","42.00"
"398","Double","50.00"
"399","Standard","110.00"
"400","Supérieure","151.00"
"401","Suite","221.00"
"402","Simple","54.00"
"403","Double","73.00"
"404","Triple","89.00"
"405","Simple","59.00"
"406","Double","90.00"
"407","Triple","110.00"
"408","Familiale","156.00"
"409","Standard","112.00"
"410","Supérieure","164.00"
"411","Suite","211.00"
"412","Simple","62.00"
"413","Double","99.00"
"414","Triple","109.00"
"415","Familiale","155.00"
"416","Simple","69.00"
"417","Double","85.00"
"418","Triple","107.00"
"419","Familiale","156.00"
"420","Simple","41.00"
"421","Double","54.00"
"422","Simple","36.00"
"423","Double","65.00"
"424","Supérieure","244.00"
"425","Deluxe","263.00"
"426","Suite","489.00"
"427","Présidentielle","722.00"
"428","Simple","64.00"
"429","Double","78.00"
"430","Triple","120.00"
"431","Familiale","143.00"
"432","Standard","94.00"
"433","Supérieure","132.00"
"434","Suite","225.00"
"435","Simple","46.00"
"436","Double","67.00"
"437","Simple","65.00"
"438","Double","89.00"
"439","Triple","101.00"
"440","Familiale","139.00"
"441","Simple","40.00"
"442","Double","67.00"
"443","Simple","67.00"
"444","Double","84.00"
"445","Triple","126.00"
"446","Familiale","143.00"
"447","Simple","44.00"
"448","Double","51.00"
"449","Simple","66.00"
"450","Double","92.00"
"451","Triple","119.00"
"452","Familiale","130.00"
"453","Simple","56.00"
"454","Double","75.00"
"455","Triple","127.00"
"456","Familiale","146.00"
"457","Supérieure","154.00"
"458","Deluxe","331.00"
"459","Suite","437.00"
"460","Présidentielle","962.00"
"461","Supérieure","207.00"
"462","Deluxe","376.00"
"463","Suite","434.00"
"464","Présidentielle","853.00"
"465","Simple","54.00"
"466","Double","79.00"
"467","Triple","116.00"
"468","Familiale","150.00"
"469","Simple","63.00"
"470","Double","98.00"
"471","Triple","110.00"
"472","Familiale","157.00"
"473","Simple","56.00"
"474","Double","70.00"
"475","Triple","80.00"
"476","Standard","90.00"
"477","Supérieure","123.00"
"478","Suite","197.00"
"479","Simple","48.00"
"480","Double","79.00"
"481","Triple","96.00"
"482","Simple","44.00"
"483","Double","70.00"
"484","Triple","87.00"
"485","Simple","62.00"
"486","Double","83.00"
"487","Triple","119.00"
"488","Familiale","148.00"
"489","Standard","107.00"
"490","Supérieure","150.00"
"491","Suite","213.00"
"492","Simple","55.00"
"493","Double","70.00"
"494","Triple","92.00"
"495","Simple","53.00"
"496","Double","71.00"
"497","Triple","88.00"
"498","Standard","94.00"
"499","Supérieure","130.00"
"500","Suite","209.00"
"501","Simple","33.00"
"502","Double","69.00"
"503","Standard","110.00"
"504","Supérieure","132.00"
"505","Suite","229.00"
"506","Supérieure","190.00"
"507","Deluxe","250.00"
"508","Suite","450.00"
"509","Présidentielle","659.00"
"510","Supérieure","175.00"
"511","Deluxe","330.00"
"512","Suite","409.00"
"513","Présidentielle","876.00"
"514","Standard","80.00"
"515","Supérieure","134.00"
"516","Suite","210.00"
"517","Simple","45.00"
"518","Double","72.00"
"519","Triple","97.00"
"520","Simple","54.00"
"521","Double","95.00"
"522","Triple","124.00"
"523","Familiale","150.00"
"524","Simple","54.00"
"525","Double","69.00"
"526","Triple","97.00"
"527","Standard","115.00"
"528","Supérieure","150.00"
"529","Suite","186.00"
"530","Standard","112.00"
"531","Supérieure","151.00"
"532","Suite","206.00"
"533","Simple","44.00"
"534","Double","77.00"
"535","Triple","82.00"
"536","Simple","31.00"
"537","Double","67.00"
"538","Supérieure","199.00"
"539","Deluxe","329.00"
"540","Suite","404.00"
"541","Présidentielle","558.00"
"542","Simple","40.00"
"543","Double","68.00"
"544","Triple","87.00"
"545","Standard","91.00"
"546","Supérieure","175.00"
"547","Suite","249.00"
"548","Standard","101.00"
"549","Supérieure","159.00"
"550","Suite","214.00"
"551","Supérieure","152.00"
"552","Deluxe","395.00"
"553","Suite","423.00"
"554","Présidentielle","650.00"
"555","Standard","84.00"
"556","Supérieure","143.00"
"557","Suite","197.00"
"558","Supérieure","212.00"
"559","Deluxe","304.00"
"560","Suite","449.00"
"561","Présidentielle","718.00"
"562","Simple","44.00"
"563","Double","72.00"
"564","Triple","99.00"
"565","Simple","56.00"
"566","Double","72.00"
"567","Triple","105.00"
"568","Familiale","142.00"
"569","Simple","48.00"
"570","Double","73.00"
"571","Triple","97.00"
"572","Simple","44.00"
"573","Double","61.00"
"574","Supérieure","186.00"
"575","Deluxe","341.00"
"576","Suite","435.00"
"577","Présidentielle","747.00"
"578","Supérieure","175.00"
"579","Deluxe","287.00"
"580","Suite","406.00"
"581","Présidentielle","606.00"
"582","Supérieure","199.00"
"583","Deluxe","310.00"
"584","Suite","476.00"
"585","Présidentielle","953.00"
"586","Simple","44.00"
"587","Double","64.00"
"588","Triple","81.00"
"589","Simple","43.00"
"590","Double","52.00"
"591","Simple","50.00"
"592","Double","64.00"
"593","Triple","97.00"
"594","Simple","50.00"
"595","Double","90.00"
"596","Triple","126.00"
"597","Familiale","152.00"
"598","Standard","110.00"
"599","Supérieure","160.00"
"600","Suite","208.00"
"601","Simple","50.00"
"602","Double","82.00"
"603","Triple","128.00"
"604","Familiale","143.00"
"605","Simple","68.00"
"606","Double","93.00"
"607","Triple","116.00"
"608","Familiale","156.00"
"609","Supérieure","168.00"
"610","Deluxe","336.00"
"611","Suite","471.00"
"612","Présidentielle","885.00"
"613","Simple","36.00"
"614","Double","55.00"
"615","Standard","107.00"
"616","Supérieure","135.00"
"617","Suite","231.00"
"618","Simple","50.00"
"619","Double","98.00"
"620","Triple","103.00"
"621","Familiale","148.00"
"622","Supérieure","220.00"
"623","Deluxe","381.00"
"624","Suite","488.00"
"625","Présidentielle","636.00"
"626","Standard","82.00"
"627","Supérieure","173.00"
"628","Suite","234.00"
"629","Simple","69.00"
"630","Double","76.00"
"631","Triple","126.00"
"632","Familiale","136.00"
"633","Simple","62.00"
"634","Double","78.00"
"635","Triple","117.00"
"636","Familiale","143.00"
"637","Supérieure","164.00"
"638","Deluxe","347.00"
"639","Suite","495.00"
"640","Présidentielle","880.00"
"641","Simple","68.00"
"642","Double","74.00"
"643","Triple","101.00"
"644","Familiale","139.00"
"645","Simple","41.00"
"646","Double","78.00"
"647","Triple","93.00"
"648","Standard","97.00"
"649","Supérieure","128.00"
"650","Suite","237.00"
"651","Simple","35.00"
"652","Double","65.00"
"653","Simple","51.00"
"654","Double","67.00"
"655","Triple","81.00"
"656","Supérieure","198.00"
"657","Deluxe","307.00"
"658","Suite","495.00"
"659","Présidentielle","792.00"
"660","Standard","108.00"
"661","Supérieure","179.00"
"662","Suite","209.00"
"663","Supérieure","182.00"
"664","Deluxe","337.00"
"665","Suite","425.00"
"666","Présidentielle","986.00"
"667","Simple","40.00"
"668","Double","57.00"
"669","Simple","46.00"
"670","Double","73.00"
"671","Triple","81.00"
"672","Standard","93.00"
"673","Supérieure","164.00"
"674","Suite","189.00"
"675","Standard","84.00"
"676","Supérieure","133.00"
"677","Suite","225.00"
"678","Simple","45.00"
"679","Double","58.00"
"680","Supérieure","168.00"
"681","Deluxe","309.00"
"682","Suite","446.00"
"683","Présidentielle","846.00"
"684","Simple","63.00"
"685","Double","88.00"
"686","Triple","111.00"
"687","Familiale","130.00"
"688","Simple","45.00"
"689","Double","54.00"
"690","Supérieure","191.00"
"691","Deluxe","356.00"
"692","Suite","491.00"
"693","Présidentielle","953.00"
"694","Simple","48.00"
"695","Double","79.00"
"696","Triple","92.00"
"697","Supérieure","250.00"
"698","Deluxe","357.00"
"699","Suite","471.00"
"700","Présidentielle","869.00"
"701","Simple","52.00"
"702","Double","89.00"
"703","Triple","110.00"
"704","Familiale","154.00"
"705","Simple","45.00"
"706","Double","69.00"
"707","Triple","83.00"
"708","Simple","39.00"
"709","Double","60.00"
"710","Simple","50.00"
"711","Double","60.00"
"712","Simple","36.00"
"713","Double","56.00"
"714","Simple","32.00"
"715","Double","59.00"
"716","Standard","83.00"
"717","Supérieure","120.00"
"718","Suite","181.00"
"719","Standard","108.00"
"720","Supérieure","171.00"
"721","Suite","200.00"
"722","Simple","50.00"
"723","Double","70.00"
"724","Triple","102.00"
"725","Familiale","130.00"
"726","Simple","48.00"
"727","Double","58.00"
"728","Simple","36.00"
"729","Double","67.00"
"730","Standard","118.00"
"731","Supérieure","137.00"
"732","Suite","239.00"
"733","Simple","49.00"
"734","Double","63.00"
"735","Triple","82.00"
"736","Simple","40.00"
"737","Double","61.00"
"738","Triple","98.00"
"739","Simple","56.00"
"740","Double","75.00"
"741","Triple","85.00"
"742","Supérieure","202.00"
"743","Deluxe","264.00"
"744","Suite","473.00"
"745","Présidentielle","551.00"
"746","Standard","95.00"
"747","Supérieure","133.00"
"748","Suite","212.00"
"749","Simple","43.00"
"750","Double","60.00"
"751","Triple","83.00"
"752","Standard","89.00"
"753","Supérieure","164.00"
"754","Suite","208.00"
"755","Standard","83.00"
"756","Supérieure","153.00"
"757","Suite","190.00"
"758","Simple","34.00"
"759","Double","63.00"
"760","Standard","107.00"
"761","Supérieure","161.00"
"762","Suite","219.00"
"763","Simple","47.00"
"764","Double","76.00"
"765","Triple","98.00"
"766","Simple","62.00"
"767","Double","88.00"
"768","Triple","129.00"
"769","Familiale","154.00"
"770","Simple","40.00"
"771","Double","51.00"
"772","Simple","66.00"
"773","Double","70.00"
"774","Triple","119.00"
"775","Familiale","151.00"
"776","Simple","39.00"
"777","Double","62.00"
"778","Simple","49.00"
"779","Double","64.00"
"780","Triple","100.00"
"781","Simple","50.00"
"782","Double","62.00"
"783","Simple","54.00"
"784","Double","76.00"
"785","Triple","99.00"
"786","Supérieure","208.00"
"787","Deluxe","341.00"
"788","Suite","491.00"
"789","Présidentielle","696.00"
"790","Simple","58.00"
"791","Double","73.00"
"792","Triple","80.00"
"793","Simple","53.00"
"794","Double","68.00"
"795","Triple","99.00"
"796","Supérieure","225.00"
"797","Deluxe","333.00"
"798","Suite","489.00"
"799","Présidentielle","555.00"
"800","Simple","32.00"
"801","Double","62.00"
"802","Supérieure","185.00"
"803","Deluxe","272.00"
"804","Suite","411.00"
"805","Présidentielle","510.00"
"806","Simple","33.00"
"807","Double","58.00"
"808","Simple","57.00"
"809","Double","80.00"
"810","Triple","110.00"
"811","Familiale","150.00"
"812","Simple","58.00"
"813","Double","69.00"
"814","Triple","92.00"
"815","Simple","59.00"
"816","Double","77.00"
"817","Triple","102.00"
"818","Familiale","155.00"
"819","Simple","58.00"
"820","Double","63.00"
"821","Triple","82.00"
"822","Simple","57.00"
"823","Double","98.00"
"824","Triple","108.00"
"825","Familiale","155.00"
"826","Supérieure","172.00"
"827","Deluxe","330.00"
"828","Suite","488.00"
"829","Présidentielle","924.00"
"830","Simple","58.00"
"831","Double","79.00"
"832","Triple","105.00"
"833","Familiale","154.00"
"834","Supérieure","234.00"
"835","Deluxe","320.00"
"836","Suite","440.00"
"837","Présidentielle","792.00"
"838","Supérieure","223.00"
"839","Deluxe","266.00"
"840","Suite","473.00"
"841","Présidentielle","854.00"
"842","Simple","63.00"
"843","Double","86.00"
"844","Triple","128.00"
"845","Familiale","151.00"
"846","Standard","88.00"
"847","Supérieure","176.00"
"848","Suite","232.00"
"849","Simple","37.00"
"850","Double","64.00"
"851","Supérieure","182.00"
"852","Deluxe","386.00"
"853","Suite","499.00"
"854","Présidentielle","828.00"
"855","Simple","50.00"
"856","Double","60.00"
"857","Standard","110.00"
"858","Supérieure","164.00"
"859","Suite","192.00"
"860","Simple","36.00"
"861","Double","60.00"
"862","Simple","43.00"
"863","Double","77.00"
"864","Triple","99.00"
"865","Standard","115.00"
"866","Supérieure","154.00"
"867","Suite","240.00"
"868","Simple","35.00"
"869","Double","67.00"
"870","Simple","49.00"
"871","Double","50.00"
"872","Simple","49.00"
"873","Double","77.00"
"874","Triple","100.00"
"875","Supérieure","227.00"
"876","Deluxe","254.00"
"877","Suite","475.00"
"878","Présidentielle","827.00"
"879","Simple","63.00"
"880","Double","90.00"
"881","Triple","102.00"
"882","Familiale","132.00"
"883","Simple","65.00"
"884","Double","97.00"
"885","Triple","108.00"
"886","Familiale","137.00"
"887","Standard","113.00"
"888","Supérieure","174.00"
"889","Suite","216.00"
"890","Simple","50.00"
"891","Double","70.00"
"892","Simple","32.00"
"893","Double","60.00"
"894","Simple","47.00"
"895","Double","78.00"
"896","Triple","96.00"
"897","Simple","31.00"
"898","Double","61.00"
"899","Simple","38.00"
"900","Double","51.00"
"901","Simple","69.00"
"902","Double","70.00"
"903","Triple","116.00"
"904","Familiale","160.00"
"905","Simple","69.00"
"906","Double","75.00"
"907","Triple","126.00"
"908","Familiale","140.00"
"909","Simple","30.00"
"910","Double","66.00"
"911","Simple","44.00"
"912","Double","60.00"
"913","Triple","86.00"
"914","Simple","57.00"
"915","Double","65.00"
"916","Triple","87.00"
"917","Simple","62.00"
"918","Double","100.00"
"919","Triple","120.00"
"920","Familiale","154.00"
"921","Simple","36.00"
"922","Double","60.00"
"923","Simple","32.00"
"924","Double","51.00"
"925","Simple","33.00"
"926","Double","63.00"
"927","Standard","82.00"
"928","Supérieure","124.00"
"929","Suite","197.00"
"930","Simple","49.00"
"931","Double","65.00"
"932","Triple","84.00"
"933","Simple","50.00"
"934","Double","99.00"
"935","Triple","108.00"
"936","Familiale","135.00"
"937","Simple","52.00"
"938","Double","81.00"
"939","Triple","129.00"
"940","Familiale","157.00"
"941","Simple","64.00"
"942","Double","100.00"
"943","Triple","102.00"
"944","Familiale","152.00"
"945","Simple","57.00"
"946","Double","90.00"
"947","Triple","127.00"
"948","Familiale","150.00"
"949","Standard","97.00"
"950","Supérieure","156.00"
"951","Suite","212.00"
"952","Supérieure","195.00"
"953","Deluxe","398.00"
"954","Suite","409.00"
"955","Présidentielle","725.00"
"956","Simple","55.00"
"957","Double","66.00"
"958","Triple","99.00"
"959","Simple","49.00"
"960","Double","70.00"
"961","Simple","50.00"
"962","Double","71.00"
"963","Triple","83.00"
"964","Simple","48.00"
"965","Double","65.00"
"966","Supérieure","229.00"
"967","Deluxe","307.00"
"968","Suite","426.00"
"969","Présidentielle","583.00"
"970","Simple","33.00"
"971","Double","52.00"
"972","Simple","60.00"
"973","Double","71.00"
"974","Triple","119.00"
"975","Familiale","131.00"
"976","Supérieure","241.00"
"977","Deluxe","381.00"
"978","Suite","499.00"
"979","Présidentielle","795.00"
"980","Simple","59.00"
"981","Double","78.00"
"982","Triple","81.00"
"983","Supérieure","240.00"
"984","Deluxe","263.00"
"985","Suite","430.00"
"986","Présidentielle","656.00"
"987","Standard","99.00"
"988","Supérieure","176.00"
"989","Suite","233.00"
"990","Standard","118.00"
"991","Supérieure","138.00"
"992","Suite","213.00"
"993","Simple","34.00"
"994","Double","67.00"
"995","Simple","67.00"
"996","Double","88.00"
"997","Triple","118.00"
"998","Familiale","144.00"
"999","Simple","51.00"
"1000","Double","65.00"
"1001","Triple","85.00"
"1002","Simple","56.00"
"1003","Double","83.00"
"1004","Triple","113.00"
"1005","Familiale","159.00"
"1006","Supérieure","237.00"
"1007","Deluxe","360.00"
"1008","Suite","462.00"
"1009","Présidentielle","767.00"
"1010","Simple","67.00"
"1011","Double","70.00"
"1012","Triple","117.00"
"1013","Familiale","153.00"
"1014","Simple","53.00"
"1015","Double","75.00"
"1016","Triple","99.00"
"1017","Standard","115.00"
"1018","Supérieure","171.00"
"1019","Suite","190.00"
"1020","Standard","117.00"
"1021","Supérieure","165.00"
"1022","Suite","198.00"
"1023","Supérieure","216.00"
"1024","Deluxe","388.00"
"1025","Suite","472.00"
"1026","Présidentielle","852.00"
"1027","Simple","59.00"
"1028","Double","75.00"
"1029","Triple","93.00"
"1030","Simple","65.00"
"1031","Double","98.00"
"1032","Triple","108.00"
"1033","Familiale","145.00"
"1034","Simple","31.00"
"1035","Double","54.00"
"1036","Standard","100.00"
"1037","Supérieure","143.00"
"1038","Suite","230.00"
"1039","Standard","119.00"
"1040","Supérieure","126.00"
"1041","Suite","210.00"
"1042","Standard","100.00"
"1043","Supérieure","159.00"
"1044","Suite","202.00"
"1045","Simple","55.00"
"1046","Double","78.00"
"1047","Triple","97.00"
"1048","Supérieure","178.00"
"1049","Deluxe","315.00"
"1050","Suite","466.00"
"1051","Présidentielle","524.00"
"1052","Simple","54.00"
"1053","Double","76.00"
"1054","Triple","117.00"
"1055","Familiale","150.00"
"1056","Simple","34.00"
"1057","Double","58.00"
"1058","Supérieure","243.00"
"1059","Deluxe","298.00"
"1060","Suite","421.00"
"1061","Présidentielle","545.00"
"1062","Supérieure","190.00"
"1063","Deluxe","316.00"
"1064","Suite","420.00"
"1065","Présidentielle","978.00"
"1066","Standard","115.00"
"1067","Supérieure","156.00"
"1068","Suite","199.00"
"1069","Simple","59.00"
"1070","Double","67.00"
"1071","Triple","99.00"
"1072","Simple","45.00"
"1073","Double","50.00"
"1074","Simple","37.00"
"1075","Double","56.00"
"1076","Simple","41.00"
"1077","Double","66.00"
"1078","Triple","96.00"
"1079","Standard","108.00"
"1080","Supérieure","159.00"
"1081","Suite","194.00"
"1082","Simple","57.00"
"1083","Double","78.00"
"1084","Triple","92.00"
"1085","Simple","34.00"
"1086","Double","57.00"
"1087","Simple","60.00"
"1088","Double","76.00"
"1089","Triple","130.00"
"1090","Familiale","159.00"
"1091","Simple","63.00"
"1092","Double","89.00"
"1093","Triple","100.00"
"1094","Familiale","140.00"
"1095","Simple","51.00"
"1096","Double","80.00"
"1097","Triple","101.00"
"1098","Familiale","152.00"
"1099","Standard","120.00"
"1100","Supérieure","155.00"
"1101","Suite","244.00"
"1102","Simple","50.00"
"1103","Double","75.00"
"1104","Triple","100.00"
"1105","Supérieure","162.00"
"1106","Deluxe","281.00"
"1107","Suite","469.00"
"1108","Présidentielle","822.00"
"1109","Simple","45.00"
"1110","Double","66.00"
"1111","Triple","85.00"
"1112","Simple","41.00"
"1113","Double","65.00"
"1114","Simple","34.00"
"1115","Double","64.00"
"1116","Simple","58.00"
"1117","Double","96.00"
"1118","Triple","107.00"
"1119","Familiale","158.00"
"1120","Supérieure","220.00"
"1121","Deluxe","316.00"
"1122","Suite","411.00"
"1123","Présidentielle","852.00"
"1124","Simple","48.00"
"1125","Double","73.00"
"1126","Triple","97.00"
"1127","Simple","69.00"
"1128","Double","71.00"
"1129","Triple","122.00"
"1130","Familiale","159.00"
"1131","Simple","50.00"
"1132","Double","88.00"
"1133","Triple","129.00"
"1134","Familiale","151.00"
"1135","Simple","50.00"
"1136","Double","71.00"
"1137","Triple","123.00"
"1138","Familiale","137.00"
"1139","Simple","53.00"
"1140","Double","73.00"
"1141","Triple","90.00"
"1142","Supérieure","218.00"
"1143","Deluxe","250.00"
"1144","Suite","409.00"
"1145","Présidentielle","711.00"
"1146","Simple","50.00"
"1147","Double","73.00"
"1148","Triple","117.00"
"1149","Familiale","144.00"
"1150","Simple","42.00"
"1151","Double","72.00"
"1152","Triple","87.00"
"1153","Simple","70.00"
"1154","Double","82.00"
"1155","Triple","108.00"
"1156","Familiale","136.00"
"1157","Simple","51.00"
"1158","Double","90.00"
"1159","Triple","105.00"
"1160","Familiale","147.00"
"1161","Simple","40.00"
"1162","Double","68.00"
"1163","Triple","88.00"
"1164","Simple","45.00"
"1165","Double","58.00"
"1166","Supérieure","154.00"
"1167","Deluxe","315.00"
"1168","Suite","403.00"
"1169","Présidentielle","778.00"
"1170","Simple","55.00"
"1171","Double","91.00"
"1172","Triple","122.00"
"1173","Familiale","137.00"
"1174","Simple","41.00"
"1175","Double","53.00"
"1176","Standard","107.00"
"1177","Supérieure","129.00"
"1178","Suite","240.00"
"1179","Standard","106.00"
"1180","Supérieure","132.00"
"1181","Suite","234.00"
"1182","Standard","118.00"
"1183","Supérieure","120.00"
"1184","Suite","237.00"
"1185","Simple","65.00"
"1186","Double","89.00"
"1187","Triple","121.00"
"1188","Familiale","145.00"
"1189","Simple","44.00"
"1190","Double","50.00"
"1191","Supérieure","177.00"
"1192","Deluxe","298.00"
"1193","Suite","422.00"
"1194","Présidentielle","860.00"
"1195","Simple","54.00"
"1196","Double","81.00"
"1197","Triple","101.00"
"1198","Familiale","141.00"
"1199","Simple","40.00"
"1200","Double","75.00"
"1201","Triple","91.00"
"1202","Supérieure","194.00"
"1203","Deluxe","307.00"
"1204","Suite","432.00"
"1205","Présidentielle","651.00"
"1206","Supérieure","158.00"
"1207","Deluxe","367.00"
"1208","Suite","446.00"
"1209","Présidentielle","696.00"
"1210","Simple","39.00"
"1211","Double","70.00"
"1212","Standard","109.00"
"1213","Supérieure","120.00"
"1214","Suite","236.00"
"1215","Supérieure","151.00"
"1216","Deluxe","296.00"
"1217","Suite","436.00"
"1218","Présidentielle","782.00"
"1219","Simple","52.00"
"1220","Double","68.00"
"1221","Triple","96.00"
"1222","Simple","58.00"
"1223","Double","100.00"
"1224","Triple","117.00"
"1225","Familiale","153.00"
"1226","Simple","49.00"
"1227","Double","55.00"
"1228","Simple","59.00"
"1229","Double","74.00"
"1230","Triple","99.00"
"1231","Simple","66.00"
"1232","Double","76.00"
"1233","Triple","113.00"
"1234","Familiale","157.00"
"1235","Supérieure","249.00"
"1236","Deluxe","276.00"
"1237","Suite","482.00"
"1238","Présidentielle","724.00"
"1239","Simple","40.00"
"1240","Double","62.00"
"1241","Triple","83.00"
"1242","Simple","64.00"
"1243","Double","79.00"
"1244","Triple","118.00"
"1245","Familiale","156.00"
"1246","Supérieure","162.00"
"1247","Deluxe","281.00"
"1248","Suite","416.00"
"1249","Présidentielle","858.00"
"1250","Standard","99.00"
"1251","Supérieure","150.00"
"1252","Suite","189.00"
"1253","Simple","64.00"
"1254","Double","85.00"
"1255","Triple","122.00"
"1256","Familiale","142.00"
"1257","Supérieure","198.00"
"1258","Deluxe","392.00"
"1259","Suite","463.00"
"1260","Présidentielle","983.00"
"1261","Standard","90.00"
"1262","Supérieure","133.00"
"1263","Suite","204.00"
"1264","Simple","42.00"
"1265","Double","56.00"
"1266","Simple","52.00"
"1267","Double","82.00"
"1268","Triple","113.00"
"1269","Familiale","134.00"
"1270","Simple","70.00"
"1271","Double","97.00"
"1272","Triple","100.00"
"1273","Familiale","137.00"
"1274","Simple","58.00"
"1275","Double","80.00"
"1276","Triple","124.00"
"1277","Familiale","145.00"
"1278","Standard","114.00"
"1279","Supérieure","178.00"
"1280","Suite","183.00"
"1281","Simple","51.00"
"1282","Double","65.00"
"1283","Triple","85.00"
"1284","Standard","105.00"
"1285","Supérieure","153.00"
"1286","Suite","232.00"
"1287","Simple","49.00"
"1288","Double","56.00"
"1289","Standard","91.00"
"1290","Supérieure","123.00"
"1291","Suite","204.00"
"1292","Simple","50.00"
"1293","Double","70.00"
"1294","Triple","95.00"
"1295","Simple","36.00"
"1296","Double","69.00"
"1297","Supérieure","154.00"
"1298","Deluxe","316.00"
"1299","Suite","474.00"
"1300","Présidentielle","985.00"
"1301","Simple","50.00"
"1302","Double","58.00"
"1303","Simple","51.00"
"1304","Double","97.00"
"1305","Triple","128.00"
"1306","Familiale","130.00"
"1307","Simple","42.00"
"1308","Double","54.00"
"1309","Standard","116.00"
"1310","Supérieure","137.00"
"1311","Suite","219.00"
"1312","Standard","116.00"
"1313","Supérieure","145.00"
"1314","Suite","189.00"
"1315","Standard","105.00"
"1316","Supérieure","147.00"
"1317","Suite","212.00"
"1318","Simple","64.00"
"1319","Double","88.00"
"1320","Triple","124.00"
"1321","Familiale","158.00"
"1322","Simple","70.00"
"1323","Double","78.00"
"1324","Triple","121.00"
"1325","Familiale","147.00"
"1326","Simple","36.00"
"1327","Double","53.00"
"1328","Simple","57.00"
"1329","Double","87.00"
"1330","Triple","103.00"
"1331","Familiale","156.00"
"1332","Simple","63.00"
"1333","Double","78.00"
"1334","Triple","109.00"
"1335","Familiale","139.00"
"1336","Supérieure","168.00"
"1337","Deluxe","312.00"
"1338","Suite","415.00"
"1339","Présidentielle","960.00"
"1340","Standard","99.00"
"1341","Supérieure","139.00"
"1342","Suite","245.00"
"1343","Simple","44.00"
"1344","Double","79.00"
"1345","Triple","99.00"
"1346","Standard","98.00"
"1347","Supérieure","134.00"
"1348","Suite","239.00"
"1349","Simple","43.00"
"1350","Double","53.00"
"1351","Simple","37.00"
"1352","Double","55.00"
"1353","Supérieure","226.00"
"1354","Deluxe","391.00"
"1355","Suite","435.00"
"1356","Présidentielle","592.00"
"1357","Standard","120.00"
"1358","Supérieure","144.00"
"1359","Suite","195.00"
"1360","Supérieure","244.00"
"1361","Deluxe","308.00"
"1362","Suite","461.00"
"1363","Présidentielle","777.00"
"1364","Simple","42.00"
"1365","Double","63.00"
"1366","Simple","38.00"
"1367","Double","67.00"
"1368","Simple","41.00"
"1369","Double","67.00"
"1370","Simple","37.00"
"1371","Double","69.00"
"1372","Standard","82.00"
"1373","Supérieure","167.00"
"1374","Suite","184.00"
"1375","Simple","69.00"
"1376","Double","93.00"
"1377","Triple","100.00"
"1378","Familiale","142.00"
"1379","Supérieure","206.00"
"1380","Deluxe","318.00"
"1381","Suite","470.00"
"1382","Présidentielle","819.00"
"1383","Standard","84.00"
"1384","Supérieure","128.00"
"1385","Suite","198.00"
"1386","Simple","50.00"
"1387","Double","94.00"
"1388","Triple","118.00"
"1389","Familiale","137.00"
"1390","Standard","105.00"
"1391","Supérieure","128.00"
"1392","Suite","233.00"
"1393","Simple","59.00"
"1394","Double","68.00"
"1395","Triple","85.00"
"1396","Standard","89.00"
"1397","Supérieure","155.00"
"1398","Suite","246.00"
"1399","Simple","51.00"
"1400","Double","65.00"
"1401","Triple","96.00"
"1402","Simple","64.00"
"1403","Double","99.00"
"1404","Triple","126.00"
"1405","Familiale","154.00"
"1406","Simple","50.00"
"1407","Double","85.00"
"1408","Triple","107.00"
"1409","Familiale","146.00"
"1410","Simple","42.00"
"1411","Double","80.00"
"1412","Triple","83.00"
"1413","Simple","47.00"
"1414","Double","64.00"
"1415","Triple","100.00"
"1416","Simple","60.00"
"1417","Double","74.00"
"1418","Triple","129.00"
"1419","Familiale","147.00"
"1420","Supérieure","204.00"
"1421","Deluxe","258.00"
"1422","Suite","438.00"
"1423","Présidentielle","879.00"
"1424","Supérieure","169.00"
"1425","Deluxe","271.00"
"1426","Suite","439.00"
"1427","Présidentielle","722.00"
"1428","Simple","44.00"
"1429","Double","64.00"
"1430","Standard","95.00"
"1431","Supérieure","178.00"
"1432","Suite","237.00"
"1433","Supérieure","246.00"
"1434","Deluxe","289.00"
"1435","Suite","407.00"
"1436","Présidentielle","583.00"
"1437","Simple","62.00"
"1438","Double","99.00"
"1439","Triple","102.00"
"1440","Familiale","147.00"
"1441","Simple","58.00"
"1442","Double","71.00"
"1443","Triple","83.00"
"1444","Standard","119.00"
"1445","Supérieure","170.00"
"1446","Suite","220.00"
"1447","Supérieure","212.00"
"1448","Deluxe","373.00"
"1449","Suite","421.00"
"1450","Présidentielle","517.00"
"1451","Supérieure","179.00"
"1452","Deluxe","359.00"
"1453","Suite","474.00"
"1454","Présidentielle","590.00"
"1455","Simple","57.00"
"1456","Double","89.00"
"1457","Triple","118.00"
"1458","Familiale","131.00"
"1459","Supérieure","226.00"
"1460","Deluxe","354.00"
"1461","Suite","448.00"
"1462","Présidentielle","595.00"
"1463","Simple","67.00"
"1464","Double","80.00"
"1465","Triple","107.00"
"1466","Familiale","160.00"
"1467","Simple","38.00"
"1468","Double","65.00"
"1469","Simple","59.00"
"1470","Double","97.00"
"1471","Triple","102.00"
"1472","Familiale","131.00"
"1473","Simple","65.00"
"1474","Double","98.00"
"1475","Triple","129.00"
"1476","Familiale","156.00"
"1477","Simple","67.00"
"1478","Double","90.00"
"1479","Triple","107.00"
"1480","Familiale","149.00"
"1481","Simple","31.00"
"1482","Double","57.00"
"1483","Simple","65.00"
"1484","Double","96.00"
"1485","Triple","127.00"
"1486","Familiale","135.00"
"1487","Simple","46.00"
"1488","Double","69.00"
"1489","Standard","120.00"
"1490","Supérieure","125.00"
"1491","Suite","190.00"
"1492","Simple","46.00"
"1493","Double","69.00"
"1494","Simple","58.00"
"1495","Double","78.00"
"1496","Triple","80.00"
"1497","Simple","43.00"
"1498","Double","56.00"
"1499","Simple","68.00"
"1500","Double","74.00"
"1501","Triple","113.00"
"1502","Familiale","132.00"
"1503","Simple","49.00"
"1504","Double","71.00"
"1505","Triple","94.00"
"1506","Simple","45.00"
"1507","Double","64.00"
"1508","Triple","94.00"
"1509","Supérieure","165.00"
"1510","Deluxe","362.00"
"1511","Suite","414.00"
"1512","Présidentielle","504.00"
"1513","Simple","43.00"
"1514","Double","64.00"
"1515","Triple","85.00"
"1516","Simple","52.00"
"1517","Double","79.00"
"1518","Triple","125.00"
"1519","Familiale","151.00"
"1520","Supérieure","226.00"
"1521","Deluxe","283.00"
"1522","Suite","491.00"
"1523","Présidentielle","582.00"
"1524","Standard","102.00"
"1525","Supérieure","170.00"
"1526","Suite","201.00"
"1527","Simple","54.00"
"1528","Double","77.00"
"1529","Triple","80.00"
"1530","Simple","62.00"
"1531","Double","87.00"
"1532","Triple","121.00"
"1533","Familiale","154.00"
"1534","Supérieure","185.00"
"1535","Deluxe","295.00"
"1536","Suite","494.00"
"1537","Présidentielle","719.00"
"1538","Simple","58.00"
"1539","Double","76.00"
"1540","Triple","91.00"
"1541","Standard","92.00"
"1542","Supérieure","178.00"
"1543","Suite","227.00"
"1544","Simple","47.00"
"1545","Double","55.00"
"1546","Simple","41.00"
"1547","Double","72.00"
"1548","Triple","85.00"
"1549","Supérieure","154.00"
"1550","Deluxe","346.00"
"1551","Suite","424.00"
"1552","Présidentielle","663.00"
"1553","Standard","96.00"
"1554","Supérieure","169.00"
"1555","Suite","217.00"
"1556","Standard","85.00"
"1557","Supérieure","144.00"
"1558","Suite","182.00"
"1559","Simple","39.00"
"1560","Double","67.00"
"1561","Standard","98.00"
"1562","Supérieure","151.00"
"1563","Suite","217.00"
"1564","Simple","41.00"
"1565","Double","64.00"
"1566","Supérieure","167.00"
"1567","Deluxe","381.00"
"1568","Suite","428.00"
"1569","Présidentielle","684.00"
"1570","Simple","51.00"
"1571","Double","93.00"
"1572","Triple","115.00"
"1573","Familiale","133.00"
"1574","Simple","53.00"
"1575","Double","72.00"
"1576","Triple","115.00"
"1577","Familiale","143.00"
"1578","Standard","92.00"
"1579","Supérieure","126.00"
"1580","Suite","219.00"
"1581","Simple","39.00"
"1582","Double","52.00"
"1583","Simple","33.00"
"1584","Double","59.00"
"1585","Simple","51.00"
"1586","Double","78.00"
"1587","Triple","117.00"
"1588","Familiale","140.00"
"1589","Standard","106.00"
"1590","Supérieure","136.00"
"1591","Suite","198.00"
"1592","Simple","61.00"
"1593","Double","96.00"
"1594","Triple","118.00"
"1595","Familiale","155.00"
"1596","Supérieure","213.00"
"1597","Deluxe","318.00"
"1598","Suite","432.00"
"1599","Présidentielle","553.00"
"1600","Standard","116.00"
"1601","Supérieure","157.00"
"1602","Suite","233.00"
"1603","Standard","84.00"
"1604","Supérieure","139.00"
"1605","Suite","219.00"
"1606","Simple","54.00"
"1607","Double","67.00"
"1608","Triple","100.00"
"1609","Simple","43.00"
"1610","Double","64.00"
"1611","Triple","85.00"
"1612","Standard","102.00"
"1613","Supérieure","132.00"
"1614","Suite","212.00"
"1615","Simple","34.00"
"1616","Double","58.00"
"1617","Simple","49.00"
"1618","Double","56.00"
"1619","Standard","96.00"
"1620","Supérieure","167.00"
"1621","Suite","234.00"
"1622","Simple","47.00"
"1623","Double","65.00"
"1624","Triple","80.00"
"1625","Simple","64.00"
"1626","Double","94.00"
"1627","Triple","128.00"
"1628","Familiale","135.00"
"1629","Supérieure","176.00"
"1630","Deluxe","298.00"
"1631","Suite","442.00"
"1632","Présidentielle","979.00"
"1633","Simple","46.00"
"1634","Double","74.00"
"1635","Triple","95.00"
"1636","Simple","41.00"
"1637","Double","62.00"
"1638","Triple","96.00"
"1639","Simple","39.00"
"1640","Double","68.00"
"1641","Simple","41.00"
"1642","Double","55.00"
"1643","Simple","36.00"
"1644","Double","54.00"
"1645","Supérieure","204.00"
"1646","Deluxe","272.00"
"1647","Suite","434.00"
"1648","Présidentielle","691.00"
"1649","Simple","43.00"
"1650","Double","70.00"
"1651","Standard","111.00"
"1652","Supérieure","137.00"
"1653","Suite","240.00"
"1654","Simple","38.00"
"1655","Double","51.00"
"1656","Simple","43.00"
"1657","Double","77.00"
"1658","Triple","81.00"
"1659","Simple","36.00"
"1660","Double","61.00"
"1661","Simple","65.00"
"1662","Double","74.00"
"1663","Triple","109.00"
"1664","Familiale","141.00"
"1665","Standard","119.00"
"1666","Supérieure","133.00"
"1667","Suite","209.00"
"1668","Simple","55.00"
"1669","Double","80.00"
"1670","Triple","85.00"
"1671","Simple","32.00"
"1672","Double","57.00"
"1673","Simple","51.00"
"1674","Double","93.00"
"1675","Triple","120.00"
"1676","Familiale","156.00"
"1677","Simple","43.00"
"1678","Double","72.00"
"1679","Triple","90.00"
"1680","Supérieure","203.00"
"1681","Deluxe","273.00"
"1682","Suite","435.00"
"1683","Présidentielle","540.00"
"1684","Simple","64.00"
"1685","Double","94.00"
"1686","Triple","124.00"
"1687","Familiale","149.00"
"1688","Supérieure","196.00"
"1689","Deluxe","331.00"
"1690","Suite","474.00"
"1691","Présidentielle","973.00"
"1692","Supérieure","167.00"
"1693","Deluxe","289.00"
"1694","Suite","469.00"
"1695","Présidentielle","871.00"
"1696","Simple","48.00"
"1697","Double","64.00"
"1698","Triple","88.00"
"1699","Standard","88.00"
"1700","Supérieure","177.00"
"1701","Suite","189.00"
"1702","Supérieure","189.00"
"1703","Deluxe","265.00"
"1704","Suite","413.00"
"1705","Présidentielle","531.00"
"1706","Simple","64.00"
"1707","Double","74.00"
"1708","Triple","130.00"
"1709","Familiale","146.00"
"1710","Simple","55.00"
"1711","Double","65.00"
"1712","Triple","80.00"
"1713","Simple","50.00"
"1714","Double","67.00"
"1715","Simple","41.00"
"1716","Double","60.00"
"1717","Triple","86.00"
"1718","Standard","80.00"
"1719","Supérieure","169.00"
"1720","Suite","218.00"
"1721","Simple","30.00"
"1722","Double","58.00"
"1723","Simple","45.00"
"1724","Double","54.00"
"1725","Standard","118.00"
"1726","Supérieure","122.00"
"1727","Suite","214.00"
"1728","Simple","37.00"
"1729","Double","50.00"
"1730","Supérieure","184.00"
"1731","Deluxe","375.00"
"1732","Suite","402.00"
"1733","Présidentielle","679.00"
"1734","Simple","55.00"
"1735","Double","70.00"
"1736","Triple","86.00"
"1737","Simple","51.00"
"1738","Double","78.00"
"1739","Triple","83.00"
"1740","Simple","39.00"
"1741","Double","62.00"
"1742","Standard","99.00"
"1743","Supérieure","163.00"
"1744","Suite","188.00"
"1745","Simple","61.00"
"1746","Double","95.00"
"1747","Triple","125.00"
"1748","Familiale","145.00"
"1749","Standard","91.00"
"1750","Supérieure","129.00"
"1751","Suite","180.00"
"1752","Simple","54.00"
"1753","Double","86.00"
"1754","Triple","119.00"
"1755","Familiale","132.00"
"1756","Simple","44.00"
"1757","Double","56.00"
"1758","Supérieure","217.00"
"1759","Deluxe","336.00"
"1760","Suite","430.00"
"1761","Présidentielle","629.00"
"1762","Simple","55.00"
"1763","Double","99.00"
"1764","Triple","103.00"
"1765","Familiale","139.00"
"1766","Simple","45.00"
"1767","Double","64.00"
"1768","Simple","51.00"
"1769","Double","71.00"
"1770","Triple","104.00"
"1771","Familiale","134.00"
"1772","Supérieure","214.00"
"1773","Deluxe","337.00"
"1774","Suite","481.00"
"1775","Présidentielle","603.00"
"1776","Standard","88.00"
"1777","Supérieure","120.00"
"1778","Suite","205.00"
"1779","Simple","52.00"
"1780","Double","61.00"
"1781","Triple","82.00"
"1782","Standard","103.00"
"1783","Supérieure","122.00"
"1784","Suite","238.00"
"1785","Standard","85.00"
"1786","Supérieure","144.00"
"1787","Suite","243.00"
"1788","Simple","47.00"
"1789","Double","69.00"
"1790","Triple","96.00"
"1791","Simple","42.00"
"1792","Double","53.00"
"1793","Simple","66.00"
"1794","Double","94.00"
"1795","Triple","110.00"
"1796","Familiale","142.00"
"1797","Supérieure","238.00"
"1798","Deluxe","329.00"
"1799","Suite","428.00"
"1800","Présidentielle","960.00"
"1801","Supérieure","237.00"
"1802","Deluxe","261.00"
"1803","Suite","493.00"
"1804","Présidentielle","504.00"
"1805","Supérieure","205.00"
"1806","Deluxe","371.00"
"1807","Suite","421.00"
"1808","Présidentielle","603.00"
"1809","Supérieure","202.00"
"1810","Deluxe","270.00"
"1811","Suite","442.00"
"1812","Présidentielle","864.00"
"1813","Supérieure","154.00"
"1814","Deluxe","366.00"
"1815","Suite","428.00"
"1816","Présidentielle","770.00"
"1817","Standard","99.00"
"1818","Supérieure","121.00"
"1819","Suite","194.00"
"1820","Simple","58.00"
"1821","Double","68.00"
"1822","Triple","94.00"
"1823","Standard","94.00"
"1824","Supérieure","121.00"
"1825","Suite","190.00"
"1826","Standard","99.00"
"1827","Supérieure","163.00"
"1828","Suite","213.00"
"1829","Simple","53.00"
"1830","Double","100.00"
"1831","Triple","120.00"
"1832","Familiale","144.00"
"1833","Supérieure","196.00"
"1834","Deluxe","299.00"
"1835","Suite","422.00"
"1836","Présidentielle","957.00"
"1837","Standard","117.00"
"1838","Supérieure","144.00"
"1839","Suite","238.00"
"1840","Supérieure","236.00"
"1841","Deluxe","367.00"
"1842","Suite","408.00"
"1843","Présidentielle","906.00"
"1844","Simple","34.00"
"1845","Double","66.00"
"1846","Simple","47.00"
"1847","Double","71.00"
"1848","Triple","93.00"
"1849","Simple","36.00"
"1850","Double","55.00"
"1851","Simple","33.00"
"1852","Double","58.00"
"1853","Simple","37.00"
"1854","Double","51.00"
"1855","Simple","41.00"
"1856","Double","69.00"
"1857","Triple","99.00"
"1858","Simple","50.00"
"1859","Double","61.00"
"1860","Supérieure","217.00"
"1861","Deluxe","307.00"
"1862","Suite","449.00"
"1863","Présidentielle","860.00"
"1864","Standard","107.00"
"1865","Supérieure","176.00"
"1866","Suite","222.00"
"1867","Simple","64.00"
"1868","Double","98.00"
"1869","Triple","128.00"
"1870","Familiale","144.00"
"1871","Standard","99.00"
"1872","Supérieure","168.00"
"1873","Suite","225.00"
"1874","Standard","82.00"
"1875","Supérieure","149.00"
"1876","Suite","241.00"
"1877","Simple","45.00"
"1878","Double","63.00"
"1879","Simple","55.00"
"1880","Double","87.00"
"1881","Triple","103.00"
"1882","Familiale","136.00"
"1883","Standard","103.00"
"1884","Supérieure","126.00"
"1885","Suite","233.00"
"1886","Simple","56.00"
"1887","Double","76.00"
"1888","Triple","89.00"
"1889","Supérieure","194.00"
"1890","Deluxe","278.00"
"1891","Suite","479.00"
"1892","Présidentielle","956.00"
"1893","Supérieure","244.00"
"1894","Deluxe","282.00"
"1895","Suite","439.00"
"1896","Présidentielle","955.00"
"1897","Standard","101.00"
"1898","Supérieure","131.00"
"1899","Suite","187.00"
"1900","Simple","48.00"
"1901","Double","63.00"
"1902","Triple","89.00"
"1903","Simple","53.00"
"1904","Double","85.00"
"1905","Triple","105.00"
"1906","Familiale","138.00"
"1907","Simple","59.00"
"1908","Double","98.00"
"1909","Triple","105.00"
"1910","Familiale","139.00"
"1911","Simple","54.00"
"1912","Double","76.00"
"1913","Triple","113.00"
"1914","Familiale","130.00"
"1915","Supérieure","226.00"
"1916","Deluxe","319.00"
"1917","Suite","495.00"
"1918","Présidentielle","802.00"
"1919","Simple","66.00"
"1920","Double","99.00"
"1921","Triple","117.00"
"1922","Familiale","141.00"
"1923","Simple","47.00"
"1924","Double","56.00"
"1925","Simple","57.00"
"1926","Double","66.00"
"1927","Triple","89.00"
"1928","Supérieure","246.00"
"1929","Deluxe","371.00"
"1930","Suite","406.00"
"1931","Présidentielle","751.00"
"1932","Supérieure","209.00"
"1933","Deluxe","367.00"
"1934","Suite","498.00"
"1935","Présidentielle","536.00"
"1936","Standard","91.00"
"1937","Supérieure","154.00"
"1938","Suite","241.00"
"1939","Simple","52.00"
"1940","Double","70.00"
"1941","Triple","81.00"
"1942","Standard","98.00"
"1943","Supérieure","177.00"
"1944","Suite","186.00"
"1945","Simple","37.00"
"1946","Double","61.00"
"1947","Simple","56.00"
"1948","Double","60.00"
"1949","Triple","99.00"
"1950","Simple","63.00"
"1951","Double","76.00"
"1952","Triple","112.00"
"1953","Familiale","154.00"
"1954","Standard","89.00"
"1955","Supérieure","147.00"
"1956","Suite","237.00"
"1957","Supérieure","200.00"
"1958","Deluxe","361.00"
"1959","Suite","401.00"
"1960","Présidentielle","643.00"
"1961","Standard","116.00"
"1962","Supérieure","147.00"
"1963","Suite","221.00"
"1964","Standard","110.00"
"1965","Supérieure","166.00"
"1966","Suite","237.00"
"1967","Standard","109.00"
"1968","Supérieure","150.00"
"1969","Suite","217.00"
"1970","Simple","48.00"
"1971","Double","70.00"
"1972","Simple","59.00"
"1973","Double","62.00"
"1974","Triple","80.00"
"1975","Simple","52.00"
"1976","Double","73.00"
"1977","Triple","82.00"
"1978","Simple","42.00"
"1979","Double","63.00"
"1980","Triple","86.00"
"1981","Simple","53.00"
"1982","Double","72.00"
"1983","Triple","89.00"
"1984","Supérieure","174.00"
"1985","Deluxe","383.00"
"1986","Suite","460.00"
"1987","Présidentielle","561.00"
"1988","Standard","112.00"
"1989","Supérieure","130.00"
"1990","Suite","215.00"
"1991","Simple","32.00"
"1992","Double","67.00"
"1993","Simple","33.00"
"1994","Double","58.00"
"1995","Supérieure","173.00"
"1996","Deluxe","345.00"
"1997","Suite","489.00"
"1998","Présidentielle","747.00"
"1999","Supérieure","184.00"
"2000","Deluxe","317.00"
"2001","Suite","463.00"
"2002","Présidentielle","692.00"
"2003","Standard","89.00"
"2004","Supérieure","146.00"
"2005","Suite","249.00"
"2006","Simple","64.00"
"2007","Double","82.00"
"2008","Triple","107.00"
"2009","Familiale","134.00"
"2010","Simple","49.00"
"2011","Double","63.00"
"2012","Simple","50.00"
"2013","Double","60.00"
"2014","Simple","60.00"
"2015","Double","70.00"
"2016","Triple","86.00"
"2017","Simple","70.00"
"2018","Double","77.00"
"2019","Triple","111.00"
"2020","Familiale","156.00"
"2021","Simple","38.00"
"2022","Double","66.00"
"2023","Supérieure","206.00"
"2024","Deluxe","328.00"
"2025","Suite","468.00"
"2026","Présidentielle","935.00"
"2027","Simple","50.00"
"2028","Double","66.00"
"2029","Simple","48.00"
"2030","Double","77.00"
"2031","Triple","83.00"
"2032","Standard","84.00"
"2033","Supérieure","124.00"
"2034","Suite","229.00"
"2035","Simple","33.00"
"2036","Double","65.00"
"2037","Standard","83.00"
"2038","Supérieure","124.00"
"2039","Suite","245.00"
"2040","Simple","35.00"
"2041","Double","55.00"
"2042","Simple","65.00"
"2043","Double","90.00"
"2044","Triple","110.00"
"2045","Familiale","157.00"
"2046","Simple","58.00"
"2047","Double","76.00"
"2048","Triple","119.00"
"2049","Familiale","142.00"
"2050","Supérieure","191.00"
"2051","Deluxe","288.00"
"2052","Suite","469.00"
"2053","Présidentielle","990.00"
"2054","Supérieure","233.00"
"2055","Deluxe","296.00"
"2056","Suite","412.00"
"2057","Présidentielle","539.00"
"2058","Simple","48.00"
"2059","Double","63.00"
"2060","Triple","85.00"
"2061","Supérieure","216.00"
"2062","Deluxe","263.00"
"2063","Suite","476.00"
"2064","Présidentielle","925.00"
"2065","Simple","40.00"
"2066","Double","78.00"
"2067","Triple","95.00"
"2068","Standard","88.00"
"2069","Supérieure","154.00"
"2070","Suite","207.00"
"2071","Supérieure","153.00"
"2072","Deluxe","362.00"
"2073","Suite","438.00"
"2074","Présidentielle","650.00"
"2075","Standard","99.00"
"2076","Supérieure","129.00"
"2077","Suite","203.00"
"2078","Supérieure","248.00"
"2079","Deluxe","251.00"
"2080","Suite","489.00"
"2081","Présidentielle","736.00"
"2082","Simple","51.00"
"2083","Double","94.00"
"2084","Triple","123.00"
"2085","Familiale","138.00"
"2086","Simple","40.00"
"2087","Double","62.00"
"2088","Triple","95.00"
"2089","Standard","102.00"
"2090","Supérieure","151.00"
"2091","Suite","218.00"
"2092","Simple","42.00"
"2093","Double","79.00"
"2094","Triple","80.00"
"2095","Simple","48.00"
"2096","Double","65.00"
"2097","Triple","94.00"
"2098","Simple","46.00"
"2099","Double","77.00"
"2100","Triple","83.00"
"2101","Supérieure","188.00"
"2102","Deluxe","388.00"
"2103","Suite","488.00"
"2104","Présidentielle","802.00"
"2105","Simple","63.00"
"2106","Double","80.00"
"2107","Triple","122.00"
"2108","Familiale","141.00"
"2109","Simple","45.00"
"2110","Double","69.00"
"2111","Triple","91.00"
"2112","Simple","60.00"
"2113","Double","66.00"
"2114","Triple","91.00"
"2115","Simple","34.00"
"2116","Double","66.00"
"2117","Simple","44.00"
"2118","Double","63.00"
"2119","Triple","91.00"
"2120","Simple","45.00"
"2121","Double","64.00"
"2122","Standard","113.00"
"2123","Supérieure","154.00"
"2124","Suite","199.00"
"2125","Simple","59.00"
"2126","Double","72.00"
"2127","Triple","106.00"
"2128","Familiale","152.00"
"2129","Supérieure","159.00"
"2130","Deluxe","343.00"
"2131","Suite","430.00"
"2132","Présidentielle","720.00"
"2133","Simple","62.00"
"2134","Double","94.00"
"2135","Triple","106.00"
"2136","Familiale","132.00"
"2137","Supérieure","191.00"
"2138","Deluxe","291.00"
"2139","Suite","425.00"
"2140","Présidentielle","802.00"
"2141","Simple","59.00"
"2142","Double","73.00"
"2143","Triple","123.00"
"2144","Familiale","156.00"
"2145","Standard","97.00"
"2146","Supérieure","169.00"
"2147","Suite","187.00"
"2148","Supérieure","162.00"
"2149","Deluxe","342.00"
"2150","Suite","465.00"
"2151","Présidentielle","732.00"
"2152","Simple","40.00"
"2153","Double","79.00"
"2154","Triple","94.00"
"2155","Simple","42.00"
"2156","Double","74.00"
"2157","Triple","90.00"
"2158","Standard","96.00"
"2159","Supérieure","149.00"
"2160","Suite","238.00"
"2161","Simple","53.00"
"2162","Double","62.00"
"2163","Triple","86.00"
"2164","Simple","46.00"
"2165","Double","52.00"
"2166","Simple","53.00"
"2167","Double","89.00"
"2168","Triple","129.00"
"2169","Familiale","150.00"
"2170","Simple","70.00"
"2171","Double","87.00"
"2172","Triple","106.00"
"2173","Familiale","133.00"
"2174","Simple","56.00"
"2175","Double","64.00"
"2176","Triple","81.00"
"2177","Supérieure","214.00"
"2178","Deluxe","323.00"
"2179","Suite","414.00"
"2180","Présidentielle","725.00"
"2181","Standard","104.00"
"2182","Supérieure","135.00"
"2183","Suite","184.00"
"2184","Simple","70.00"
"2185","Double","92.00"
"2186","Triple","128.00"
"2187","Familiale","140.00"
"2188","Standard","112.00"
"2189","Supérieure","159.00"
"2190","Suite","211.00"
"2191","Simple","55.00"
"2192","Double","85.00"
"2193","Triple","116.00"
"2194","Familiale","149.00"
"2195","Simple","60.00"
"2196","Double","66.00"
"2197","Triple","97.00"
"2198","Simple","57.00"
"2199","Double","86.00"
"2200","Triple","105.00"
"2201","Familiale","156.00"
"2202","Simple","48.00"
"2203","Double","52.00"
"2204","Standard","106.00"
"2205","Supérieure","168.00"
"2206","Suite","196.00"
"2207","Simple","46.00"
"2208","Double","69.00"
"2209","Standard","108.00"
"2210","Supérieure","170.00"
"2211","Suite","183.00"
"2212","Standard","113.00"
"2213","Supérieure","166.00"
"2214","Suite","217.00"
"2215","Simple","70.00"
"2216","Double","82.00"
"2217","Triple","118.00"
"2218","Familiale","137.00"
"2219","Simple","59.00"
"2220","Double","71.00"
"2221","Triple","81.00"
"2222","Simple","37.00"
"2223","Double","64.00"
"2224","Supérieure","231.00"
"2225","Deluxe","382.00"
"2226","Suite","414.00"
"2227","Présidentielle","925.00"
"2228","Standard","93.00"
"2229","Supérieure","136.00"
"2230","Suite","197.00"
"2231","Simple","37.00"
"2232","Double","69.00"
"2233","Simple","50.00"
"2234","Double","71.00"
"2235","Triple","88.00"
"2236","Simple","38.00"
"2237","Double","58.00"
"2238","Simple","39.00"
"2239","Double","58.00"
"2240","Standard","119.00"
"2241","Supérieure","123.00"
"2242","Suite","183.00"
"2243","Simple","37.00"
"2244","Double","65.00"
"2245","Simple","60.00"
"2246","Double","70.00"
"2247","Triple","92.00"
"2248","Simple","56.00"
"2249","Double","65.00"
"2250","Triple","95.00"
"2251","Simple","68.00"
"2252","Double","72.00"
"2253","Triple","117.00"
"2254","Familiale","135.00"
"2255","Supérieure","250.00"
"2256","Deluxe","299.00"
"2257","Suite","402.00"
"2258","Présidentielle","511.00"
"2259","Simple","64.00"
"2260","Double","78.00"
"2261","Triple","103.00"
"2262","Familiale","130.00"
"2263","Supérieure","233.00"
"2264","Deluxe","363.00"
"2265","Suite","444.00"
"2266","Présidentielle","754.00"
"2267","Simple","48.00"
"2268","Double","74.00"
"2269","Triple","100.00"
"2270","Simple","45.00"
"2271","Double","54.00"
"2272","Simple","70.00"
"2273","Double","84.00"
"2274","Triple","103.00"
"2275","Familiale","154.00"
"2276","Simple","55.00"
"2277","Double","78.00"
"2278","Triple","101.00"
"2279","Familiale","146.00"
"2280","Simple","40.00"
"2281","Double","76.00"
"2282","Triple","100.00"
"2283","Supérieure","152.00"
"2284","Deluxe","326.00"
"2285","Suite","424.00"
"2286","Présidentielle","849.00"
"2287","Simple","32.00"
"2288","Double","59.00"
"2289","Simple","57.00"
"2290","Double","79.00"
"2291","Triple","89.00"
"2292","Supérieure","164.00"
"2293","Deluxe","257.00"
"2294","Suite","409.00"
"2295","Présidentielle","817.00"
"2296","Simple","50.00"
"2297","Double","59.00"
"2298","Simple","44.00"
"2299","Double","67.00"
"2300","Triple","94.00"
"2301","Simple","60.00"
"2302","Double","66.00"
"2303","Triple","100.00"
"2304","Simple","43.00"
"2305","Double","64.00"
"2306","Simple","46.00"
"2307","Double","60.00"
"2308","Triple","99.00"
"2309","Simple","42.00"
"2310","Double","74.00"
"2311","Triple","92.00"
"2312","Standard","108.00"
"2313","Supérieure","136.00"
"2314","Suite","195.00"
"2315","Standard","108.00"
"2316","Supérieure","173.00"
"2317","Suite","187.00"
"2318","Standard","113.00"
"2319","Supérieure","170.00"
"2320","Suite","187.00"
"2321","Simple","42.00"
"2322","Double","63.00"
"2323","Triple","97.00"
"2324","Simple","56.00"
"2325","Double","68.00"
"2326","Triple","84.00"
"2327","Simple","53.00"
"2328","Double","100.00"
"2329","Triple","126.00"
"2330","Familiale","139.00"
"2331","Simple","47.00"
"2332","Double","62.00"
"2333","Standard","89.00"
"2334","Supérieure","151.00"
"2335","Suite","245.00"
"2336","Simple","31.00"
"2337","Double","64.00"
"2338","Simple","51.00"
"2339","Double","67.00"
"2340","Triple","85.00"
"2341","Simple","45.00"
"2342","Double","71.00"
"2343","Triple","82.00"
"2344","Simple","45.00"
"2345","Double","78.00"
"2346","Triple","82.00"
"2347","Supérieure","184.00"
"2348","Deluxe","269.00"
"2349","Suite","440.00"
"2350","Présidentielle","662.00"
"2351","Simple","50.00"
"2352","Double","68.00"
"2353","Triple","84.00"
"2354","Simple","47.00"
"2355","Double","60.00"
"2356","Triple","87.00"
"2357","Standard","89.00"
"2358","Supérieure","163.00"
"2359","Suite","229.00"
"2360","Standard","90.00"
"2361","Supérieure","142.00"
"2362","Suite","211.00"
"2363","Simple","49.00"
"2364","Double","61.00"
"2365","Triple","82.00"
"2366","Supérieure","228.00"
"2367","Deluxe","307.00"
"2368","Suite","491.00"
"2369","Présidentielle","692.00"
"2370","Simple","58.00"
"2371","Double","61.00"
"2372","Triple","92.00"
"2373","Standard","115.00"
"2374","Supérieure","129.00"
"2375","Suite","233.00"
"2376","Simple","57.00"
"2377","Double","83.00"
"2378","Triple","128.00"
"2379","Familiale","144.00"
"2380","Supérieure","208.00"
"2381","Deluxe","267.00"
"2382","Suite","493.00"
"2383","Présidentielle","839.00"
"2384","Simple","59.00"
"2385","Double","80.00"
"2386","Triple","96.00"
"2387","Simple","52.00"
"2388","Double","70.00"
"2389","Triple","124.00"
"2390","Familiale","145.00"
"2391","Simple","67.00"
"2392","Double","95.00"
"2393","Triple","125.00"
"2394","Familiale","136.00"
"2395","Simple","59.00"
"2396","Double","88.00"
"2397","Triple","100.00"
"2398","Familiale","149.00"
"2399","Standard","90.00"
"2400","Supérieure","159.00"
"2401","Suite","208.00"
"2402","Simple","55.00"
"2403","Double","68.00"
"2404","Triple","93.00"
"2405","Simple","67.00"
"2406","Double","76.00"
"2407","Triple","123.00"
"2408","Familiale","142.00"
"2409","Simple","43.00"
"2410","Double","54.00"
"2411","Simple","52.00"
"2412","Double","64.00"
"2413","Triple","92.00"
"2414","Simple","44.00"
"2415","Double","70.00"
"2416","Simple","59.00"
"2417","Double","65.00"
"2418","Triple","93.00"
"2419","Standard","103.00"
"2420","Supérieure","125.00"
"2421","Suite","230.00"
"2422","Standard","118.00"
"2423","Supérieure","154.00"
"2424","Suite","197.00"
"2425","Supérieure","244.00"
"2426","Deluxe","348.00"
"2427","Suite","415.00"
"2428","Présidentielle","797.00"
"2429","Standard","114.00"
"2430","Supérieure","138.00"
"2431","Suite","221.00"
"2432","Simple","48.00"
"2433","Double","65.00"
"2434","Simple","40.00"
"2435","Double","69.00"
"2436","Triple","88.00"
"2437","Simple","49.00"
"2438","Double","53.00"
"2439","Simple","45.00"
"2440","Double","54.00"
"2441","Standard","117.00"
"2442","Supérieure","135.00"
"2443","Suite","248.00"
"2444","Supérieure","176.00"
"2445","Deluxe","383.00"
"2446","Suite","447.00"
"2447","Présidentielle","646.00"
"2448","Simple","69.00"
"2449","Double","80.00"
"2450","Triple","125.00"
"2451","Familiale","158.00"
"2452","Simple","64.00"
"2453","Double","80.00"
"2454","Triple","125.00"
"2455","Familiale","132.00"
"2456","Simple","42.00"
"2457","Double","61.00"
"2458","Triple","95.00"
"2459","Simple","56.00"
"2460","Double","72.00"
"2461","Triple","96.00"
"2462","Standard","88.00"
"2463","Supérieure","164.00"
"2464","Suite","227.00"
"2465","Simple","46.00"
"2466","Double","77.00"
"2467","Triple","95.00"
"2468","Simple","68.00"
"2469","Double","71.00"
"2470","Triple","100.00"
"2471","Familiale","146.00"
"2472","Simple","30.00"
"2473","Double","53.00"
"2474","Simple","40.00"
"2475","Double","68.00"
"2476","Simple","56.00"
"2477","Double","64.00"
"2478","Triple","90.00"
"2479","Simple","51.00"
"2480","Double","60.00"
"2481","Triple","84.00"
"2482","Simple","44.00"
"2483","Double","57.00"
"2484","Simple","64.00"
"2485","Double","83.00"
"2486","Triple","111.00"
"2487","Familiale","155.00"
"2488","Simple","40.00"
"2489","Double","78.00"
"2490","Triple","94.00"
"2491","Supérieure","238.00"
"2492","Deluxe","331.00"
"2493","Suite","423.00"
"2494","Présidentielle","908.00"
"2495","Simple","60.00"
"2496","Double","92.00"
"2497","Triple","104.00"
"2498","Familiale","142.00"
"2499","Simple","40.00"
"2500","Double","53.00"
"2501","Simple","40.00"
"2502","Double","58.00"
"2503","Simple","33.00"
"2504","Double","53.00"
"2505","Standard","109.00"
"2506","Supérieure","163.00"
"2507","Suite","210.00"
"2508","Simple","63.00"
"2509","Double","84.00"
"2510","Triple","101.00"
"2511","Familiale","130.00"
"2512","Simple","67.00"
"2513","Double","85.00"
"2514","Triple","106.00"
"2515","Familiale","133.00"
"2516","Standard","118.00"
"2517","Supérieure","147.00"
"2518","Suite","189.00"
"2519","Supérieure","228.00"
"2520","Deluxe","273.00"
"2521","Suite","466.00"
"2522","Présidentielle","873.00"
"2523","Standard","85.00"
"2524","Supérieure","127.00"
"2525","Suite","215.00"
"2526","Supérieure","163.00"
"2527","Deluxe","328.00"
"2528","Suite","473.00"
"2529","Présidentielle","653.00"
"2530","Simple","45.00"
"2531","Double","68.00"
"2532","Standard","88.00"
"2533","Supérieure","155.00"
"2534","Suite","215.00"
"2535","Simple","44.00"
"2536","Double","57.00"
"2537","Supérieure","194.00"
"2538","Deluxe","294.00"
"2539","Suite","478.00"
"2540","Présidentielle","528.00"
"2541","Simple","69.00"
"2542","Double","98.00"
"2543","Triple","124.00"
"2544","Familiale","159.00"
"2545","Simple","55.00"
"2546","Double","62.00"
"2547","Triple","92.00"
"2548","Simple","45.00"
"2549","Double","68.00"
"2550","Triple","92.00"
"2551","Simple","66.00"
"2552","Double","98.00"
"2553","Triple","107.00"
"2554","Familiale","159.00"
"2555","Simple","44.00"
"2556","Double","63.00"
"2557","Triple","80.00"
"2558","Simple","67.00"
"2559","Double","71.00"
"2560","Triple","117.00"
"2561","Familiale","159.00"
"2562","Standard","112.00"
"2563","Supérieure","158.00"
"2564","Suite","219.00"
"2565","Simple","46.00"
"2566","Double","55.00"
"2567","Simple","59.00"
"2568","Double","81.00"
"2569","Triple","122.00"
"2570","Familiale","160.00"
"2571","Supérieure","181.00"
"2572","Deluxe","329.00"
"2573","Suite","403.00"
"2574","Présidentielle","941.00"
"2575","Simple","40.00"
"2576","Double","79.00"
"2577","Triple","100.00"
"2578","Simple","56.00"
"2579","Double","100.00"
"2580","Triple","113.00"
"2581","Familiale","132.00"
"2582","Standard","85.00"
"2583","Supérieure","126.00"
"2584","Suite","217.00"
"2585","Supérieure","183.00"
"2586","Deluxe","327.00"
"2587","Suite","487.00"
"2588","Présidentielle","553.00"
"2589","Simple","41.00"
"2590","Double","70.00"
"2591","Standard","114.00"
"2592","Supérieure","148.00"
"2593","Suite","196.00"
"2594","Standard","91.00"
"2595","Supérieure","125.00"
"2596","Suite","232.00"
"2597","Simple","50.00"
"2598","Double","84.00"
"2599","Triple","113.00"
"2600","Familiale","133.00"
"2601","Standard","101.00"
"2602","Supérieure","134.00"
"2603","Suite","199.00"
"2604","Simple","58.00"
"2605","Double","70.00"
"2606","Triple","91.00"
"2607","Supérieure","169.00"
"2608","Deluxe","275.00"
"2609","Suite","470.00"
"2610","Présidentielle","568.00"
"2611","Supérieure","248.00"
"2612","Deluxe","386.00"
"2613","Suite","420.00"
"2614","Présidentielle","923.00"
"2615","Simple","34.00"
"2616","Double","64.00"
"2617","Standard","112.00"
"2618","Supérieure","136.00"
"2619","Suite","217.00"
"2620","Supérieure","214.00"
"2621","Deluxe","351.00"
"2622","Suite","406.00"
"2623","Présidentielle","708.00"
"2624","Supérieure","247.00"
"2625","Deluxe","273.00"
"2626","Suite","465.00"
"2627","Présidentielle","620.00"
"2628","Standard","95.00"
"2629","Supérieure","151.00"
"2630","Suite","194.00"
"2631","Simple","50.00"
"2632","Double","96.00"
"2633","Triple","105.00"
"2634","Familiale","159.00"
"2635","Simple","60.00"
"2636","Double","85.00"
"2637","Triple","105.00"
"2638","Familiale","144.00"
"2639","Standard","98.00"
"2640","Supérieure","135.00"
"2641","Suite","226.00"
"2642","Supérieure","189.00"
"2643","Deluxe","262.00"
"2644","Suite","461.00"
"2645","Présidentielle","516.00"
"2646","Simple","62.00"
"2647","Double","78.00"
"2648","Triple","120.00"
"2649","Familiale","142.00"
"2650","Simple","45.00"
"2651","Double","63.00"
"2652","Triple","90.00"
"2653","Simple","32.00"
"2654","Double","69.00"
"2655","Standard","94.00"
"2656","Supérieure","132.00"
"2657","Suite","193.00"
"2658","Standard","86.00"
"2659","Supérieure","177.00"
"2660","Suite","220.00"
"2661","Simple","51.00"
"2662","Double","70.00"
"2663","Triple","109.00"
"2664","Familiale","156.00"
"2665","Simple","30.00"
"2666","Double","64.00"
"2667","Supérieure","198.00"
"2668","Deluxe","367.00"
"2669","Suite","447.00"
"2670","Présidentielle","509.00"
"2671","Simple","42.00"
"2672","Double","70.00"
"2673","Triple","89.00"
"2674","Simple","61.00"
"2675","Double","81.00"
"2676","Triple","122.00"
"2677","Familiale","140.00"
"2678","Standard","111.00"
"2679","Supérieure","179.00"
"2680","Suite","236.00"
"2681","Simple","51.00"
"2682","Double","70.00"
"2683","Triple","102.00"
"2684","Familiale","138.00"
"2685","Standard","112.00"
"2686","Supérieure","130.00"
"2687","Suite","201.00"
"2688","Simple","53.00"
"2689","Double","85.00"
"2690","Triple","109.00"
"2691","Familiale","158.00"
"2692","Simple","66.00"
"2693","Double","95.00"
"2694","Triple","111.00"
"2695","Familiale","143.00"
"2696","Simple","66.00"
"2697","Double","70.00"
"2698","Triple","124.00"
"2699","Familiale","136.00"
"2700","Simple","55.00"
"2701","Double","77.00"
"2702","Triple","87.00"
"2703","Simple","31.00"
"2704","Double","67.00"
"2705","Supérieure","170.00"
"2706","Deluxe","299.00"
"2707","Suite","485.00"
"2708","Présidentielle","801.00"
"2709","Supérieure","200.00"
"2710","Deluxe","314.00"
"2711","Suite","458.00"
"2712","Présidentielle","727.00"
"2713","Simple","50.00"
"2714","Double","65.00"
"2715","Triple","82.00"
"2716","Simple","32.00"
"2717","Double","68.00"
"2718","Simple","57.00"
"2719","Double","93.00"
"2720","Triple","108.00"
"2721","Familiale","132.00"
"2722","Simple","55.00"
"2723","Double","79.00"
"2724","Triple","128.00"
"2725","Familiale","154.00"
"2726","Standard","92.00"
"2727","Supérieure","162.00"
"2728","Suite","210.00"
"2729","Simple","37.00"
"2730","Double","65.00"
"2731","Simple","37.00"
"2732","Double","59.00"
"2733","Simple","51.00"
"2734","Double","71.00"
"2735","Triple","90.00"
"2736","Standard","117.00"
"2737","Supérieure","163.00"
"2738","Suite","239.00"
"2739","Simple","57.00"
"2740","Double","77.00"
"2741","Triple","90.00"
"2742","Standard","86.00"
"2743","Supérieure","152.00"
"2744","Suite","181.00"
"2745","Standard","81.00"
"2746","Supérieure","135.00"
"2747","Suite","220.00"
"2748","Standard","110.00"
"2749","Supérieure","144.00"
"2750","Suite","196.00"
"2751","Standard","107.00"
"2752","Supérieure","155.00"
"2753","Suite","224.00"
"2754","Standard","103.00"
"2755","Supérieure","150.00"
"2756","Suite","242.00"
"2757","Simple","61.00"
"2758","Double","86.00"
"2759","Triple","106.00"
"2760","Familiale","133.00"
"2761","Simple","59.00"
"2762","Double","62.00"
"2763","Triple","85.00"
"2764","Simple","56.00"
"2765","Double","93.00"
"2766","Triple","117.00"
"2767","Familiale","154.00"
"2768","Supérieure","151.00"
"2769","Deluxe","263.00"
"2770","Suite","476.00"
"2771","Présidentielle","945.00"
"2772","Simple","50.00"
"2773","Double","53.00"
"2774","Simple","42.00"
"2775","Double","61.00"
"2776","Triple","89.00"
"2777","Simple","33.00"
"2778","Double","66.00"
"2779","Simple","40.00"
"2780","Double","71.00"
"2781","Triple","91.00"
"2782","Simple","43.00"
"2783","Double","67.00"
"2784","Triple","86.00"
"2785","Simple","32.00"
"2786","Double","70.00"
"2787","Supérieure","234.00"
"2788","Deluxe","367.00"
"2789","Suite","401.00"
"2790","Présidentielle","841.00"
"2791","Supérieure","192.00"
"2792","Deluxe","253.00"
"2793","Suite","494.00"
"2794","Présidentielle","625.00"
"2795","Simple","62.00"
"2796","Double","79.00"
"2797","Triple","122.00"
"2798","Familiale","135.00"
"2799","Simple","54.00"
"2800","Double","76.00"
"2801","Triple","83.00"
"2802","Simple","61.00"
"2803","Double","85.00"
"2804","Triple","112.00"
"2805","Familiale","143.00"
"2806","Simple","60.00"
"2807","Double","81.00"
"2808","Triple","120.00"
"2809","Familiale","159.00"
"2810","Simple","32.00"
"2811","Double","65.00"
"2812","Simple","54.00"
"2813","Double","78.00"
"2814","Triple","103.00"
"2815","Familiale","159.00"
"2816","Standard","110.00"
"2817","Supérieure","161.00"
"2818","Suite","219.00"
"2819","Standard","101.00"
"2820","Supérieure","150.00"
"2821","Suite","211.00"
"2822","Simple","48.00"
"2823","Double","50.00"
"2824","Simple","47.00"
"2825","Double","79.00"
"2826","Triple","91.00"
"2827","Simple","35.00"
"2828","Double","50.00"
"2829","Simple","62.00"
"2830","Double","79.00"
"2831","Triple","124.00"
"2832","Familiale","130.00"
"2833","Simple","51.00"
"2834","Double","82.00"
"2835","Triple","122.00"
"2836","Familiale","138.00"
"2837","Supérieure","214.00"
"2838","Deluxe","379.00"
"2839","Suite","408.00"
"2840","Présidentielle","705.00"
"2841","Simple","60.00"
"2842","Double","98.00"
"2843","Triple","105.00"
"2844","Familiale","142.00"
"2845","Supérieure","210.00"
"2846","Deluxe","399.00"
"2847","Suite","420.00"
"2848","Présidentielle","672.00"
"2849","Simple","32.00"
"2850","Double","50.00"
"2851","Simple","35.00"
"2852","Double","52.00"
"2853","Standard","117.00"
"2854","Supérieure","160.00"
"2855","Suite","180.00"
"2856","Simple","69.00"
"2857","Double","90.00"
"2858","Triple","114.00"
"2859","Familiale","131.00"
"2860","Simple","32.00"
"2861","Double","51.00"
"2862","Simple","50.00"
"2863","Double","68.00"
"2864","Supérieure","217.00"
"2865","Deluxe","337.00"
"2866","Suite","432.00"
"2867","Présidentielle","657.00"
"2868","Simple","54.00"
"2869","Double","94.00"
"2870","Triple","125.00"
"2871","Familiale","136.00"
"2872","Simple","59.00"
"2873","Double","99.00"
"2874","Triple","110.00"
"2875","Familiale","149.00"
"2876","Simple","55.00"
"2877","Double","71.00"
"2878","Triple","81.00"
"2879","Simple","47.00"
"2880","Double","75.00"
"2881","Triple","88.00"
"2882","Simple","41.00"
"2883","Double","55.00"
"2884","Simple","56.00"
"2885","Double","74.00"
"2886","Triple","101.00"
"2887","Familiale","157.00"
"2888","Standard","95.00"
"2889","Supérieure","164.00"
"2890","Suite","203.00"
"2891","Standard","97.00"
"2892","Supérieure","138.00"
"2893","Suite","214.00"
"2894","Simple","33.00"
"2895","Double","50.00"
"2896","Simple","31.00"
"2897","Double","57.00"
"2898","Supérieure","197.00"
"2899","Deluxe","305.00"
"2900","Suite","433.00"
"2901","Présidentielle","725.00"
"2902","Simple","54.00"
"2903","Double","77.00"
"2904","Triple","123.00"
"2905","Familiale","137.00"
"2906","Standard","90.00"
"2907","Supérieure","135.00"
"2908","Suite","214.00"
"2909","Simple","59.00"
"2910","Double","73.00"
"2911","Triple","84.00"
"2912","Simple","60.00"
"2913","Double","71.00"
"2914","Triple","98.00"
"2915","Simple","56.00"
"2916","Double","98.00"
"2917","Triple","127.00"
"2918","Familiale","156.00"
"2919","Standard","117.00"
"2920","Supérieure","129.00"
"2921","Suite","231.00"
"2922","Simple","47.00"
"2923","Double","64.00"
"2924","Supérieure","196.00"
"2925","Deluxe","321.00"
"2926","Suite","448.00"
"2927","Présidentielle","795.00"
"2928","Supérieure","166.00"
"2929","Deluxe","394.00"
"2930","Suite","436.00"
"2931","Présidentielle","770.00"
"2932","Simple","60.00"
"2933","Double","72.00"
"2934","Triple","130.00"
"2935","Familiale","141.00"